DROP DATABASE IF EXISTS `montgomery_county_crime_db`;
CREATE DATABASE IF NOT EXISTS `montgomery_county_crime_db` /*!40100 DEFAULT CHARACTER SET utf8mb4
COLLATE utf8mb4_0900_ai_ci */ /*!80016 DEFAULT ENCRYPTION='N' */;
USE `montgomery_county_crime_db`;
-- MySQL dump 10.13  Distrib 8.0.34, for Win64 (x86_64)
--
-- Host: localhost    Database: montgomery_county_crime_db
-- ------------------------------------------------------
-- Server version	8.0.34

/*!40101 SET @OLD_CHARACTER_SET_CLIENT=@@CHARACTER_SET_CLIENT */;
/*!40101 SET @OLD_CHARACTER_SET_RESULTS=@@CHARACTER_SET_RESULTS */;
/*!40101 SET @OLD_COLLATION_CONNECTION=@@COLLATION_CONNECTION */;
/*!50503 SET NAMES utf8 */;
/*!40103 SET @OLD_TIME_ZONE=@@TIME_ZONE */;
/*!40103 SET TIME_ZONE='+00:00' */;
/*!40014 SET @OLD_UNIQUE_CHECKS=@@UNIQUE_CHECKS, UNIQUE_CHECKS=0 */;
/*!40014 SET @OLD_FOREIGN_KEY_CHECKS=@@FOREIGN_KEY_CHECKS, FOREIGN_KEY_CHECKS=0 */;
/*!40101 SET @OLD_SQL_MODE=@@SQL_MODE, SQL_MODE='NO_AUTO_VALUE_ON_ZERO' */;
/*!40111 SET @OLD_SQL_NOTES=@@SQL_NOTES, SQL_NOTES=0 */;

--
-- Table structure for table `city`
--

DROP TABLE IF EXISTS `city`;
/*!40101 SET @saved_cs_client     = @@character_set_client */;
/*!50503 SET character_set_client = utf8mb4 */;
CREATE TABLE `city` (
  `City_ID` int NOT NULL,
  `City_Name` varchar(45) NOT NULL,
  `State` char(2) NOT NULL,
  `Zip_Code` int DEFAULT NULL,
  PRIMARY KEY (`City_ID`)
) ENGINE=InnoDB DEFAULT CHARSET=utf8mb3;
/*!40101 SET character_set_client = @saved_cs_client */;

--
-- Dumping data for table `city`
--

LOCK TABLES `city` WRITE;
/*!40000 ALTER TABLE `city` DISABLE KEYS */;
INSERT INTO `city` VALUES (1,'BETHESDA','MD',20814),(2,'BETHESDA','MD',20816),(3,'BETHESDA','MD',20817),(4,'BETHESDA','MD',20892),(5,'BOYDS','MD',20841),(6,'BROOKEVILLE','MD',20833),(7,'BURTONSVILLE','MD',20866),(8,'CABIN JOHN','MD',20818),(9,'CHEVY CHASE','MD',20815),(10,'CLARKSBURG','MD',20871),(11,'DAMASCUS','MD',20872),(12,'DERWOOD','MD',20855),(13,'GAITHERSBURG','MD',20877),(14,'GAITHERSBURG','MD',20878),(15,'GAITHERSBURG','MD',20879),(16,'GERMANTOWN','MD',20874),(17,'GERMANTOWN','MD',20876),(18,'KENSINGTON','MD',20895),(19,'MONTGOMERY VILLAGE','MD',20886),(20,'OLNEY','MD',20832),(21,'POOLESVILLE','MD',20837),(22,'POTOMAC','MD',20854),(23,'ROCKVILLE','MD',20850),(24,'ROCKVILLE','MD',20851),(25,'ROCKVILLE','MD',20852),(26,'ROCKVILLE','MD',20853),(27,'ROCKVILLE','MD',20855),(28,'SILVER SPRING','MD',20901),(29,'SILVER SPRING','MD',20902),(30,'SILVER SPRING','MD',20903),(31,'SILVER SPRING','MD',20904),(32,'SILVER SPRING','MD',20905),(33,'SILVER SPRING','MD',20906),(34,'SILVER SPRING','MD',20910),(35,'SILVER SPRING','MD',20993),(36,'SILVER SPRING','MD',NULL),(37,'TAKOMA PARK','MD',20912);
/*!40000 ALTER TABLE `city` ENABLE KEYS */;
UNLOCK TABLES;

--
-- Table structure for table `crime`
--

DROP TABLE IF EXISTS `crime`;
/*!40101 SET @saved_cs_client     = @@character_set_client */;
/*!50503 SET character_set_client = utf8mb4 */;
CREATE TABLE `crime` (
  `Crime_Name_1_ID` int NOT NULL,
  `Crime_Name_1` varchar(45) NOT NULL,
  PRIMARY KEY (`Crime_Name_1_ID`)
) ENGINE=InnoDB DEFAULT CHARSET=utf8mb3;
/*!40101 SET character_set_client = @saved_cs_client */;

--
-- Dumping data for table `crime`
--

LOCK TABLES `crime` WRITE;
/*!40000 ALTER TABLE `crime` DISABLE KEYS */;
INSERT INTO `crime` VALUES (1,''),(2,'Crime Against Person'),(3,'Crime Against Property'),(4,'Crime Against Society');
/*!40000 ALTER TABLE `crime` ENABLE KEYS */;
UNLOCK TABLES;

--
-- Table structure for table `crime_2`
--

DROP TABLE IF EXISTS `crime_2`;
/*!40101 SET @saved_cs_client     = @@character_set_client */;
/*!50503 SET character_set_client = utf8mb4 */;
CREATE TABLE `crime_2` (
  `Crime_Name_2_ID` int NOT NULL,
  `Crime_Name_2` varchar(45) NOT NULL,
  PRIMARY KEY (`Crime_Name_2_ID`)
) ENGINE=InnoDB DEFAULT CHARSET=utf8mb3;
/*!40101 SET character_set_client = @saved_cs_client */;

--
-- Dumping data for table `crime_2`
--

LOCK TABLES `crime_2` WRITE;
/*!40000 ALTER TABLE `crime_2` DISABLE KEYS */;
INSERT INTO `crime_2` VALUES (1,''),(2,'Aggravated Assault'),(3,'All other Larceny'),(4,'All Other Offenses'),(5,'Burglary/Breaking and Entering'),(6,'Counterfeiting/Forgery'),(7,'Credit Card/Automatic Teller Machine Fraud'),(8,'Destruction/Damage/Vandalism of Property'),(9,'Disorderly Conduct'),(10,'Driving Under the Influence'),(11,'Drug Equipment Violations'),(12,'Drug/Narcotic Violations'),(13,'Extortion/Blackmail'),(14,'False Pretenses/Swindle/Confidence Game'),(15,'Fondling'),(16,'Forcible Rape'),(17,'From Coin/Operated Machine or Device'),(18,'Identity Theft'),(19,'Impersonation'),(20,'Liquor Law Violations'),(21,'Motor Vehicle Theft'),(22,'Pocket/picking'),(23,'Purse-snatching'),(24,'Robbery'),(25,'Shoplifting'),(26,'Simple Assault'),(27,'Stolen Property Offenses'),(28,'Theft from Building'),(29,'Theft From Motor Vehicle'),(30,'Theft of Motor Vehicle Parts or Accessories'),(31,'Trespass of Real Property'),(32,'Weapon Law Violations'),(33,'Wire Fraud');
/*!40000 ALTER TABLE `crime_2` ENABLE KEYS */;
UNLOCK TABLES;

--
-- Table structure for table `crime_3`
--

DROP TABLE IF EXISTS `crime_3`;
/*!40101 SET @saved_cs_client     = @@character_set_client */;
/*!50503 SET character_set_client = utf8mb4 */;
CREATE TABLE `crime_3` (
  `Crime_Name_3_ID` int NOT NULL,
  `Crime_Name_3` varchar(45) NOT NULL,
  PRIMARY KEY (`Crime_Name_3_ID`)
) ENGINE=InnoDB DEFAULT CHARSET=utf8mb3;
/*!40101 SET character_set_client = @saved_cs_client */;

--
-- Dumping data for table `crime_3`
--

LOCK TABLES `crime_3` WRITE;
/*!40000 ALTER TABLE `crime_3` DISABLE KEYS */;
INSERT INTO `crime_3` VALUES (1,''),(2,'ALL OTHER OFFENSES'),(3,'ASSAULT - 2ND DEGREE'),(4,'ASSAULT - AGGRAVATED - FAMILY-GUN'),(5,'ASSAULT - AGGRAVATED - FAMILY-STRONG-ARM'),(6,'ASSAULT - AGGRAVATED - GUN'),(8,'ASSAULT - AGGRAVATED - NON-FAMILY-STRONG-ARM'),(9,'ASSAULT - AGGRAVATED - OTHER'),(10,'ASSAULT - SIMPLE'),(11,'AUTO THEFT - VEHICLE THEFT'),(12,'BURGLARY - FORCED ENTRY-NONRESIDENTIAL'),(13,'BURGLARY - FORCED ENTRY-RESIDENTIAL'),(14,'BURGLARY - NO FORCED ENTRY-NONRESIDENTIAL'),(15,'BURGLARY - NO FORCED ENTRY-RESIDENTIAL'),(16,'BURGLARY (DESCRIBE OFFENSE)'),(17,'DAMAGE PROPERTY - BUSINESS'),(18,'DAMAGE PROPERTY - PRIVATE'),(19,'DAMAGE PROPERTY (DESCRIBE OFFENSE)'),(20,'DRIVING UNDER THE INFLUENCE DRUGS'),(21,'DRIVING UNDER THE INFLUENCE LIQUOR'),(22,'DRUGS - AMPHETAMINE - POSSESS'),(23,'DRUGS - COCAINE - POSSESS'),(24,'DRUGS - HEROIN - POSSESS'),(25,'DRUGS - MARIJUANA - POSSESS'),(26,'DRUGS - MARIJUANA - SELL'),(27,'DRUGS - NARCOTIC EQUIP - POSSESS'),(28,'DRUGS - OPIUM OR DERIVATIVE - POSSESS'),(30,'DRUGS - SYNTHETIC NARCOTIC - POSSESS'),(31,'EXTORT - THREAT ACCUSE PERSON OF CRIME'),(32,'EXTORT - THREAT INJURE PERSON'),(33,'EXTORTION (DESCRIBE OFFENSE)'),(34,'FORGERY OF CHECKS'),(35,'FRAUD - CONFIDENCE GAME'),(36,'FRAUD - ILLEGAL USE CREDIT CARDS'),(37,'FRAUD - IMPERSONATION'),(38,'FRAUD - SWINDLE'),(39,'FRAUD (DESCRIBE OFFENSE)'),(40,'FRAUD BY WIRE'),(41,'IDENTITY THEFT'),(42,'LARCENY - AUTO PARTS'),(43,'LARCENY - FROM AUTO'),(44,'LARCENY - FROM BLDG'),(45,'LARCENY - FROM COIN MACHINE'),(46,'LARCENY - FROM YARDS'),(47,'LARCENY - POCKET PICKING'),(48,'LARCENY - POSTAL'),(49,'LARCENY - PURSE SNATCHING - NO FORCE'),(50,'LARCENY - SHOPLIFTING'),(51,'LARCENY (DESCRIBE OFFENSE)'),(52,'LIQUOR - POSSESS'),(53,'LIQUOR (DESCRIBE OFFENSE)'),(54,'OBSTRUCT GOVT - VIOLATION OF A COURT ORDER'),(55,'OBSTRUCT POLICE - MAKING FALSE REPORT'),(56,'OBSTRUCT POLICE - RESISTING OFFICER'),(57,'OBSTRUCT POLICE (DESCRIBE OFFENSE)'),(58,'PUBLIC PEACE - DISORDERLY CONDUCT'),(59,'PUBLIC PEACE - HARASSING COMMUNICATION'),(60,'PUBLIC PEACE (DESCRIBE OFFENSE)'),(61,'RAPE - STRONG-ARM'),(62,'ROBBERY - CARJACKING - ARMED'),(63,'ROBBERY - GUN'),(64,'ROBBERY - RESIDENTIAL-GUN'),(65,'ROBBERY - STREET-STRONG-ARM'),(66,'ROBBERY - STRONG ARM'),(67,'SEX ASSAULT - FONDLING'),(68,'STOLEN PROPERTY - POSSESS'),(69,'THREAT - TERRORISTIC - STATE OFFENSES'),(70,'TRESPASSING'),(72,'WEAPON - CONCEALED'),(73,'WEAPON - FIRING'),(74,'WEAPON - POSSESSION'),(75,'WEAPON OFFENSE (DESCRIBE OFFENSE)');
/*!40000 ALTER TABLE `crime_3` ENABLE KEYS */;
UNLOCK TABLES;

--
-- Table structure for table `incidents`
--

DROP TABLE IF EXISTS `incidents`;
/*!40101 SET @saved_cs_client     = @@character_set_client */;
/*!50503 SET character_set_client = utf8mb4 */;
CREATE TABLE `incidents` (
  `Incident_ID` int NOT NULL,
  `Police_District_Number_ID` int NOT NULL,
  `Location_ID` int NOT NULL,
  `Victims` int NOT NULL,
  `Dispatch_Date` date DEFAULT NULL,
  `Dispatch_Time` time DEFAULT NULL,
  `Start_Date` date DEFAULT NULL,
  `Start_Time` time DEFAULT NULL,
  `End_Date` date DEFAULT NULL,
  `End_time` time DEFAULT NULL,
  PRIMARY KEY (`Incident_ID`,`Location_ID`),
  KEY `fk_Incidents_Location1_idx` (`Location_ID`),
  KEY `fk_Incidents_Offenses_has_Incidents1_idx` (`Incident_ID`),
  KEY `fk_Incidents_Police_Information1_idx` (`Police_District_Number_ID`),
  CONSTRAINT `fk_Incidents_Location1` FOREIGN KEY (`Location_ID`) REFERENCES `location` (`Location_ID`),
  CONSTRAINT `fk_Incidents_Offenses_has_Incidents1` FOREIGN KEY (`Incident_ID`) REFERENCES `offences_in_incidents` (`Incident_ID`),
  CONSTRAINT `fk_Incidents_Police_Information1` FOREIGN KEY (`Police_District_Number_ID`) REFERENCES `police_information` (`Police_District_Number_ID`)
) ENGINE=InnoDB DEFAULT CHARSET=utf8mb3;
/*!40101 SET character_set_client = @saved_cs_client */;

--
-- Dumping data for table `incidents`
--

LOCK TABLES `incidents` WRITE;
/*!40000 ALTER TABLE `incidents` DISABLE KEYS */;
INSERT INTO `incidents` VALUES (201406986,2,5,4,'2023-01-01','02:56:01','2023-01-01','02:50:00','2023-01-01','02:54:00'),(201406999,6,3,1,'2023-01-01','07:13:13','2023-01-01','05:49:00','2023-01-01','07:00:00'),(201407009,10,2,1,'2023-01-01','10:53:56','2023-01-01','10:40:00','2023-01-01','10:53:00'),(201407011,11,8,1,'2023-01-01','08:02:04','2023-01-01','07:45:00','2023-01-01','08:10:00'),(201407016,12,2,1,'2023-01-01','12:41:02','2023-01-01','00:01:00','2023-01-01','12:15:00'),(201407021,17,2,1,'2023-01-01','13:12:54','2023-01-01','13:00:00','2023-01-01','13:06:00'),(201407028,19,2,1,'2023-01-01','14:31:59','2023-01-01','03:30:00','2023-01-01','09:00:00'),(201407043,25,8,1,'2023-01-01','17:20:00','2023-01-01','16:00:00','2023-01-01','16:05:00'),(201407055,29,1,1,'2023-01-01','20:14:31','2023-01-01','14:30:00','2023-01-01','17:00:00'),(201407056,30,6,1,'2023-01-01','20:01:53','2023-01-01','19:30:00','2023-01-01','20:00:00'),(201407082,39,1,1,'2023-01-01','23:25:12','2023-01-01','23:00:00','2023-01-01','23:30:00'),(201407085,40,1,1,'2023-01-02','00:44:57','2023-01-02','01:15:00','2023-01-02','01:23:00'),(201407090,43,6,1,'2023-01-02','05:36:46','2023-01-02','00:30:00','2023-01-02','05:05:00'),(201407095,45,6,1,'2023-01-01','07:12:22','2023-01-01','19:00:00','2023-01-02','06:00:00'),(201407097,46,2,1,'2023-01-01','07:41:56','2023-01-01','16:00:00','2023-01-02','07:30:00'),(201407098,47,6,1,'2023-01-01','08:12:51','2023-01-01','18:00:00','2023-01-02','08:00:00'),(201407108,48,3,1,'2023-01-02','08:32:04','2023-01-02','03:45:00','2023-01-02','08:30:00'),(201407110,49,8,1,'2023-01-01','09:45:49','2023-01-01','23:00:00','2023-01-02','09:00:00'),(201407111,50,2,1,'2023-01-01','08:27:11','2023-01-01','13:00:00','2023-01-02','07:15:00'),(201407115,53,8,1,'2023-01-01','09:37:01','2023-01-01','20:00:00','2023-01-02','08:00:00'),(201407122,55,8,1,'2023-01-01','10:44:29','2023-01-01','18:30:00','2023-01-02','10:00:00'),(201407129,58,1,1,'2023-01-02','11:28:37','2023-01-02','11:24:00','2023-01-02','11:30:00'),(201407132,59,6,1,'2023-01-01','12:33:30','2023-01-01','21:00:00','2023-01-02','09:00:00'),(201407137,61,1,1,'2023-01-02','13:04:35','2023-01-02','12:30:00','2023-01-02','12:40:00'),(201407150,62,6,1,'2023-01-01','15:46:21','2023-01-01','21:00:00','2023-01-01','22:00:00'),(201407151,63,6,1,'2023-01-01','15:57:11','2023-01-01','22:30:00','2023-01-02','14:00:00'),(201407157,66,1,1,'2023-01-02','16:50:15','2023-01-02','16:24:00','2023-01-02','16:41:00'),(201407158,67,2,1,'2023-01-02','16:13:32','2023-01-02','16:10:00','2023-01-02','16:40:00'),(201407160,69,1,1,'2023-01-02','17:30:33','2023-01-02','13:30:00','2023-01-02','14:50:00'),(201407162,72,8,1,'2023-01-01','14:03:57','2023-01-01','18:00:00','2023-01-02','12:00:00'),(201407175,76,3,1,'2023-01-02','19:05:48','2023-01-02','15:30:00','2023-01-02','18:15:00'),(201407197,82,8,1,'2023-01-02','17:11:18','2023-01-02','03:00:00','2023-01-02','17:05:00'),(201407219,91,5,1,'2023-01-02','05:07:49','2023-01-02','22:00:00','2023-01-03','04:00:00'),(201407223,93,6,1,'2023-01-02','06:49:54','2023-01-02','06:00:00','2023-01-03','05:30:00'),(201407226,94,8,1,'2023-01-02','08:11:44','2023-01-02','22:50:00','2023-01-02','07:00:00'),(201407227,96,1,1,'2023-01-01','07:52:05','2023-01-01','19:00:00','2023-01-03','07:30:00'),(201407241,97,1,1,'2023-01-02','10:09:45','2023-01-02','22:00:00','2023-01-03','10:00:00'),(201407242,99,5,1,'2023-01-03','06:31:12','2023-01-03','02:30:00','2023-01-03','02:35:00'),(201407249,101,6,1,'2023-01-02','11:01:31','2023-01-02','12:02:00','2023-01-03','10:00:00'),(201407253,105,6,1,'2023-01-02','12:11:16','2023-01-02','12:00:00','2023-01-03','08:30:00'),(201407256,106,2,1,'2023-01-03','09:11:22','2023-01-03','09:11:00','2023-01-03','10:00:00'),(201407259,107,1,1,'2023-01-02','12:18:10','2023-01-02','02:50:00','2023-01-02','02:51:00'),(201407273,109,8,1,'2023-01-03','12:46:19','2023-01-03','12:00:00','2023-01-03','12:30:00'),(201407277,112,1,1,'2023-01-03','14:11:34','2023-01-03','14:00:00','2023-01-03','14:10:00'),(201407278,113,1,1,'2023-01-02','12:23:58','2023-01-02','21:30:00','2023-01-03','08:00:00'),(201407279,114,3,1,'2023-01-02','14:24:57','2023-01-02','21:00:00','2023-01-03','08:00:00'),(201407283,116,3,1,'2023-01-02','14:29:29','2023-01-02','14:22:00','2023-01-02','14:28:00'),(201407286,119,2,1,'2023-01-03','13:17:37','2023-01-03','12:45:00','2023-01-03','12:59:00'),(201407294,120,2,1,'2023-01-03','14:57:28','2023-01-03','05:00:00','2023-01-03','12:45:00'),(201407299,122,1,1,'2023-01-03','16:41:11','2023-01-03','11:30:00','2023-01-03','12:30:00'),(201407304,127,1,1,'2023-01-02','17:40:24','2023-01-02','16:15:00','2023-01-03','16:00:00'),(201407305,128,2,1,'2023-01-03','17:54:11','2023-01-03','15:00:00','2023-01-03','15:05:00'),(201407328,132,3,1,'2023-01-03','21:17:21','2023-01-03','13:00:00','2023-01-03','20:26:00'),(201407337,134,5,1,'2023-01-02','15:02:46','2023-01-02','21:30:00','2023-01-03','08:00:00'),(201407339,135,6,1,'2023-01-03','16:56:11','2023-01-03','16:45:00','2023-01-03','17:12:00'),(201407342,136,2,1,'2023-01-01','20:24:42','2023-01-01','02:00:00','2023-01-02','13:00:00'),(201407344,139,6,1,'2023-01-03','20:55:06','2023-01-03','20:40:00','2023-01-03','21:02:00'),(201407352,143,6,1,'2023-01-03','22:16:24','2023-01-03','22:16:00','2023-01-03','23:23:00'),(201407358,146,2,1,'2023-01-03','21:20:18','2023-01-03','21:00:00','2023-01-03','21:15:00'),(201407361,148,6,2,'2023-01-03','22:41:04','2023-01-03','22:35:00','2023-01-03','22:40:00'),(201407370,157,8,1,'2023-01-03','23:58:47','2023-01-03','23:57:00','2023-01-04','00:10:00'),(201407375,163,6,1,'2023-01-03','00:00:44','2023-01-03','11:00:00','2023-01-03','17:00:00'),(201407379,165,1,1,'2023-01-03','06:01:43','2023-01-03','14:00:00','2023-01-04','05:25:00'),(201407382,166,5,1,'2023-01-04','07:20:19','2023-01-04','06:00:00','2023-01-04','07:10:00'),(201407384,168,2,1,'2023-01-04','05:48:47','2023-01-04','05:30:00','2023-01-04','06:45:00'),(201407385,169,1,1,'2023-01-03','07:36:48','2023-01-03','18:00:00','2023-01-04','07:00:00'),(201407387,170,6,1,'2023-01-02','07:34:04','2023-01-02','16:00:00','2023-01-04','07:30:00'),(201407389,172,6,1,'2023-01-03','08:09:57','2023-01-03','19:00:00','2023-01-04','07:30:00'),(201407392,173,8,1,'2023-01-03','08:00:34','2023-01-03','18:30:00','2023-01-04','05:49:00'),(201407396,175,2,1,'2023-01-03','09:01:33','2023-01-03','16:00:00','2023-01-04','08:30:00'),(201407401,176,3,1,'2023-01-02','09:33:52','2023-01-02','17:00:00','2023-01-04','07:20:00'),(201407403,177,1,3,'2023-01-03','11:58:01','2023-01-03','11:50:00','2023-01-03','12:00:00'),(201407405,178,1,1,'2023-01-01','09:51:03','2023-01-01','06:33:00','2023-01-01','07:00:00'),(201407406,179,8,1,'2023-01-03','10:08:36','2023-01-03','15:00:00','2023-01-04','09:45:00'),(201407407,180,8,1,'2023-01-04','09:01:24','2023-01-04','07:30:00','2023-01-04','09:01:00'),(201407408,181,1,1,'2023-01-03','15:12:48','2023-01-03','09:00:00','2023-01-03','09:12:00'),(201407409,183,8,1,'2023-01-04','08:23:46','2023-01-04','08:23:00','2023-01-04','09:01:00'),(201407419,184,5,1,'2023-01-03','11:50:29','2023-01-03','20:00:00','2023-01-04','11:30:00'),(201407424,188,8,1,'2023-01-04','11:28:37','2023-01-04','07:30:00','2023-01-04','11:28:00'),(201407449,197,2,1,'2023-01-03','23:54:07','2023-01-03','23:40:00','2023-01-04','00:15:00'),(201407462,199,6,1,'2023-01-03','21:10:47','2023-01-03','20:55:00','2023-01-03','21:00:00'),(201407472,200,8,1,'2023-01-03','16:34:51','2023-01-03','22:30:00','2023-01-04','16:00:00'),(201407474,201,8,1,'2023-01-03','16:48:57','2023-01-03','20:00:00','2023-01-04','07:30:00'),(201407477,203,6,1,'2023-01-04','16:40:19','2023-01-04','14:22:00','2023-01-04','15:30:00'),(201407479,204,2,1,'2023-01-04','17:34:18','2023-01-04','09:00:00','2023-01-04','14:55:00'),(201407480,205,5,1,'2023-01-04','16:37:58','2023-01-04','07:00:00','2023-01-04','14:30:00'),(201407499,212,5,1,'2023-01-04','18:38:35','2023-01-04','14:00:00','2023-01-04','15:40:00'),(201407518,221,6,1,'2023-01-02','20:43:23','2023-01-02','06:00:00','2023-01-04','09:00:00'),(201407524,222,1,1,'2023-01-04','21:20:30','2023-01-04','18:00:00','2023-01-04','18:20:00'),(201407538,228,8,1,'2023-01-04','15:50:58','2023-01-04','14:45:00','2023-01-04','15:41:00'),(201407553,233,1,1,'2023-01-04','20:51:39','2023-01-04','12:30:00','2023-01-04','20:50:00'),(201407568,239,3,1,'2023-01-04','06:29:54','2023-01-04','23:45:00','2023-01-05','05:00:00'),(201407570,241,6,1,'2023-01-03','08:00:01','2023-01-03','15:00:00','2023-01-04','08:00:00'),(201407573,242,8,1,'2023-01-04','07:12:37','2023-01-04','17:00:00','2023-01-05','06:00:00'),(201407575,243,2,1,'2023-01-05','08:39:24','2023-01-05','08:39:00','2023-01-05','09:00:00'),(201407577,244,1,1,'2023-01-02','13:43:43','2023-01-02','21:16:00','2023-01-02','21:34:00'),(201407581,247,5,1,'2023-01-04','09:30:31','2023-01-04','22:30:00','2023-01-05','09:00:00'),(201407583,249,5,1,'2023-01-04','09:17:28','2023-01-04','21:00:00','2023-01-05','08:00:00'),(201407586,251,8,1,'2023-01-04','13:13:44','2023-01-04','12:00:00','2023-01-04','13:00:00'),(201407589,252,2,1,'2023-01-03','18:30:55','2023-01-03','18:30:00','2023-01-03','19:45:00'),(201407591,254,3,1,'2023-01-04','10:35:09','2023-01-04','19:50:00','2023-01-04','19:52:00'),(201407595,255,8,1,'2023-01-04','10:37:55','2023-01-04','16:00:00','2023-01-05','10:00:00'),(201407597,256,1,1,'2023-01-05','07:39:41','2023-01-05','07:30:00','2023-01-05','07:52:00'),(201407598,257,3,1,'2023-01-04','11:24:14','2023-01-04','14:30:00','2023-01-05','09:00:00'),(201407603,259,2,1,'2023-01-04','14:32:41','2023-01-04','11:54:00','2023-01-04','12:10:00'),(201407617,263,1,1,'2023-01-04','14:39:17','2023-01-04','12:00:00','2023-01-04','14:40:00'),(201407629,266,2,1,'2023-01-05','14:48:50','2023-01-05','14:42:00','2023-01-05','15:00:00'),(201407630,267,6,1,'2023-01-05','14:56:44','2023-01-05','01:00:00','2023-01-05','10:00:00'),(201407637,269,3,1,'2023-01-03','16:24:44','2023-01-03','17:45:00','2023-01-04','10:00:00'),(201407640,271,1,1,'2023-01-04','16:33:11','2023-01-04','16:00:00','2023-01-05','11:50:00'),(201407645,272,3,1,'2023-01-05','16:47:20','2023-01-05','16:30:00','2023-01-05','16:50:00'),(201407662,279,5,1,'2023-01-05','16:16:57','2023-01-05','16:00:00','2023-01-05','16:30:00'),(201407664,281,6,1,'2023-01-05','20:30:42','2023-01-05','18:25:00','2023-01-05','20:00:00'),(201407668,284,3,1,'2023-01-04','21:10:07','2023-01-04','18:00:00','2023-01-05','12:00:00'),(201407669,285,3,1,'2023-01-04','19:09:44','2023-01-04','19:00:00','2023-01-05','08:00:00'),(201407674,287,6,1,'2023-01-05','21:14:06','2023-01-05','06:30:00','2023-01-05','21:00:00'),(201407676,288,8,1,'2023-01-05','21:17:49','2023-01-05','19:00:00','2023-01-05','21:00:00'),(201407677,290,2,1,'2023-01-05','21:37:34','2023-01-05','20:50:00','2023-01-05','21:02:00'),(201407678,291,6,1,'2023-01-05','22:06:22','2023-01-05','00:00:00','2023-01-05','10:37:00'),(201407685,292,6,1,'2023-01-05','22:47:43','2023-01-05','17:10:00','2023-01-05','22:05:00'),(201407717,299,6,1,'2023-01-05','06:59:39','2023-01-05','16:00:00','2023-01-06','04:30:00'),(201407721,301,8,1,'2023-01-05','08:13:41','2023-01-05','21:45:00','2023-01-06','07:05:00'),(201407723,302,3,1,'2023-01-05','07:27:32','2023-01-05','18:00:00','2023-01-06','07:00:00'),(201407728,306,6,1,'2023-01-05','09:48:09','2023-01-05','16:00:00','2023-01-06','07:00:00'),(201407746,311,8,1,'2023-01-06','11:31:56','2023-01-06','01:30:00','2023-01-06','06:30:00'),(201407749,312,1,1,'2023-01-02','08:25:30','2023-01-02','17:00:00','2023-01-02','20:00:00'),(201407761,315,1,1,'2023-01-06','11:55:19','2023-01-06','11:30:00','2023-01-06','11:39:00'),(201407764,316,5,1,'2023-01-05','12:00:54','2023-01-05','22:00:00','2023-01-06','11:00:00'),(201407766,318,1,1,'2023-01-02','13:13:44','2023-01-02','12:00:00','2023-01-06','07:30:00'),(201407773,320,2,1,'2023-01-06','12:18:22','2023-01-06','12:25:00','2023-01-06','13:40:00'),(201407782,323,1,1,'2023-01-05','11:54:22','2023-01-05','16:15:00','2023-01-05','17:00:00'),(201407792,325,5,1,'2023-01-04','14:12:01','2023-01-04','22:32:00','2023-01-04','22:34:00'),(201407802,329,8,1,'2023-01-06','15:30:18','2023-01-06','09:29:00','2023-01-06','10:07:00'),(201407814,333,8,1,'2023-01-06','14:35:01','2023-01-06','14:25:00','2023-01-06','14:30:00'),(201407816,334,3,1,'2023-01-06','17:44:29','2023-01-06','16:30:00','2023-01-06','16:45:00'),(201407817,335,2,1,'2023-01-05','17:46:38','2023-01-05','20:00:00','2023-01-05','20:00:00'),(201407831,340,8,1,'2023-01-05','17:05:01','2023-01-05','17:30:00','2023-01-06','10:15:00'),(201407832,341,1,1,'2023-01-06','19:22:53','2023-01-06','19:00:00','2023-01-06','19:50:00'),(201407842,345,1,1,'2023-01-06','16:40:34','2023-01-06','15:30:00','2023-01-06','16:00:00'),(201407847,347,8,1,'2023-01-01','21:49:44','2023-01-01','00:00:00','2023-01-06','15:00:00'),(201407869,356,1,1,'2023-01-07','03:57:31','2023-01-07','00:00:00','2023-01-07','04:00:00'),(201407877,358,6,1,'2023-01-06','07:18:36','2023-01-06','19:30:00','2023-01-07','06:30:00'),(201407879,359,8,1,'2023-01-07','07:33:30','2023-01-07','06:32:00','2023-01-07','06:32:00'),(201407883,360,6,1,'2023-01-05','13:25:59','2023-01-05','19:00:00','2023-01-06','09:45:00'),(201407887,362,8,1,'2023-01-06','08:39:17','2023-01-06','20:00:00','2023-01-07','07:00:00'),(201407889,364,3,1,'2023-01-07','09:52:35','2023-01-07','00:00:00','2023-01-07','10:00:00'),(201407890,365,1,1,'2023-01-07','09:46:00','2023-01-07','04:00:00','2023-01-07','05:00:00'),(201407891,366,3,1,'2023-01-07','09:57:29','2023-01-07','09:30:00','2023-01-07','10:00:00'),(201407896,368,6,1,'2023-01-06','10:56:36','2023-01-06','20:00:00','2023-01-07','10:00:00'),(201407897,369,8,1,'2023-01-07','10:08:57','2023-01-07','06:31:00','2023-01-07','06:31:00'),(201407900,371,6,1,'2023-01-06','12:56:27','2023-01-06','21:00:00','2023-01-07','08:00:00'),(201407901,372,8,1,'2023-01-06','12:19:38','2023-01-06','18:00:00','2023-01-06','18:30:00'),(201407903,374,1,1,'2023-01-07','10:33:02','2023-01-07','08:12:00','2023-01-07','08:15:00'),(201407904,375,6,1,'2023-01-07','13:56:30','2023-01-07','00:30:00','2023-01-07','09:00:00'),(201407906,377,1,1,'2023-01-07','12:00:23','2023-01-07','13:00:00','2023-01-07','14:30:00'),(201407910,380,7,1,'2023-01-07','15:04:48','2023-01-07','11:00:00','2023-01-07','12:00:00'),(201407914,382,5,1,'2023-01-07','15:55:53','2023-01-07','11:15:00','2023-01-07','12:30:00'),(201407924,388,5,2,'2023-01-07','16:45:11','2023-01-07','16:45:00','2023-01-07','18:00:00'),(201407927,389,1,1,'2023-01-07','15:30:40','2023-01-07','14:50:00','2023-01-07','15:15:00'),(201407931,391,1,1,'2023-01-07','19:30:25','2023-01-07','17:30:00','2023-01-07','18:00:00'),(201407938,394,1,1,'2023-01-07','17:57:21','2023-01-07','17:40:00','2023-01-07','17:50:00'),(201407939,395,1,1,'2023-01-07','20:28:39','2023-01-07','16:00:00','2023-01-07','16:10:00'),(201407942,396,5,1,'2023-01-07','20:35:00','2023-01-07','16:00:00','2023-01-07','20:00:00'),(201407947,399,3,1,'2023-01-06','20:04:18','2023-01-06','21:00:00','2023-01-07','10:00:00'),(201407948,400,6,1,'2023-01-05','15:26:29','2023-01-05','18:00:00','2023-01-06','11:15:00'),(201407950,401,1,1,'2023-01-07','21:47:00','2023-01-07','19:31:00','2023-01-07','19:38:00'),(201407951,402,1,1,'2023-01-03','15:07:58','2023-01-03','15:00:00','2023-01-06','10:00:00'),(201407954,403,1,1,'2023-01-05','21:18:21','2023-01-05','18:30:00','2023-01-05','18:30:00'),(201407957,405,3,1,'2023-01-07','20:30:09','2023-01-07','20:30:00','2023-01-07','00:00:00'),(201407970,412,1,1,'2023-01-08','02:25:35','2023-01-08','00:00:00','2023-01-08','02:13:00'),(201407972,414,5,1,'2023-01-08','03:23:47','2023-01-08','02:00:00','2023-01-08','03:00:00'),(201407973,415,1,1,'2023-01-07','23:09:53','2023-01-07','23:00:00','2023-01-07','23:10:00'),(201407982,417,6,1,'2023-01-07','07:09:20','2023-01-07','20:00:00','2023-01-08','06:30:00'),(201407985,418,6,1,'2023-01-06','09:42:53','2023-01-06','23:50:00','2023-01-07','10:00:00'),(201407988,419,2,1,'2023-01-08','10:02:23','2023-01-08','09:45:00','2023-01-08','10:01:00'),(201407989,420,8,1,'2023-01-07','10:03:18','2023-01-07','16:43:00','2023-01-08','09:45:00'),(201407990,421,8,1,'2023-01-07','10:11:32','2023-01-07','15:00:00','2023-01-08','05:00:00'),(201407991,422,6,1,'2023-01-07','10:59:32','2023-01-07','21:00:00','2023-01-08','10:00:00'),(201407995,423,1,1,'2023-01-02','09:14:21','2023-01-02','22:00:00','2023-01-03','07:45:00'),(201408000,425,3,1,'2023-01-08','10:26:52','2023-01-08','02:48:00','2023-01-08','03:00:00'),(201408001,426,1,1,'2023-01-07','11:53:17','2023-01-07','20:00:00','2023-01-08','11:19:00'),(201408012,432,8,1,'2023-01-07','09:08:24','2023-01-07','19:00:00','2023-01-08','09:32:00'),(201408013,433,1,1,'2023-01-06','13:56:26','2023-01-06','14:00:00','2023-01-08','13:00:00'),(201408017,435,2,1,'2023-01-08','15:01:34','2023-01-08','02:00:00','2023-01-08','16:07:00'),(201408023,436,3,1,'2023-01-07','16:43:07','2023-01-07','23:30:00','2023-01-08','13:00:00'),(201408024,437,5,1,'2023-01-03','17:04:38','2023-01-03','07:08:00','2023-01-03','11:00:00'),(201408027,439,6,1,'2023-01-07','17:31:42','2023-01-07','10:00:00','2023-01-08','16:00:00'),(201408028,440,1,1,'2023-01-08','17:48:50','2023-01-08','10:00:00','2023-01-08','15:30:00'),(201408030,442,6,1,'2023-01-07','23:37:05','2023-01-07','23:36:00','2023-01-08','00:00:00'),(201408031,443,1,1,'2023-01-01','14:46:54','2023-01-01','00:01:00','2023-01-02','23:59:00'),(201408034,445,1,1,'2023-01-08','00:50:33','2023-01-08','00:45:00','2023-01-08','00:50:00'),(201408038,447,8,1,'2023-01-07','18:54:48','2023-01-07','01:00:00','2023-01-08','00:00:00'),(201408039,448,8,1,'2023-01-08','16:38:41','2023-01-08','16:37:00','2023-01-08','20:12:00'),(201408053,455,8,1,'2023-01-07','17:00:03','2023-01-07','15:48:00','2023-01-07','15:55:00'),(201408069,462,6,1,'2023-01-01','04:23:12','2023-01-01','02:30:00','2023-01-01','02:35:00'),(201408103,464,6,1,'2023-01-07','13:15:33','2023-01-07','13:15:00','2023-01-07','13:30:00'),(201408147,467,1,1,'2023-01-08','22:28:12','2023-01-08','15:15:00','2023-01-08','16:00:00');
/*!40000 ALTER TABLE `incidents` ENABLE KEYS */;
UNLOCK TABLES;

--
-- Table structure for table `location`
--

DROP TABLE IF EXISTS `location`;
/*!40101 SET @saved_cs_client     = @@character_set_client */;
/*!50503 SET character_set_client = utf8mb4 */;
CREATE TABLE `location` (
  `Location_ID` int NOT NULL,
  `Block_Address` varchar(45) DEFAULT NULL,
  `Address_Number` varchar(45) DEFAULT NULL,
  `Street_Prefix` char(1) DEFAULT NULL,
  `Street_Name` varchar(45) NOT NULL,
  `Street_Suffix` varchar(45) DEFAULT NULL,
  `Street_Type` varchar(45) DEFAULT NULL,
  `Latitude` float NOT NULL,
  `Longitude` float NOT NULL,
  `City_ID` int NOT NULL,
  PRIMARY KEY (`Location_ID`),
  KEY `fk_Location_City1_idx` (`City_ID`),
  CONSTRAINT `fk_Location_City1` FOREIGN KEY (`City_ID`) REFERENCES `city` (`City_ID`)
) ENGINE=InnoDB DEFAULT CHARSET=utf8mb3;
/*!40101 SET character_set_client = @saved_cs_client */;

--
-- Dumping data for table `location`
--

LOCK TABLES `location` WRITE;
/*!40000 ALTER TABLE `location` DISABLE KEYS */;
INSERT INTO `location` VALUES (1,'1000 BLK  ROCKVILLE PIK','1000','','ROCKVILLE','','PIK',0,0,17),(2,'15900 BLK  SOMERVILLE DR','15900','','SOMERVILLE','','DR',39.1172,-77.1648,9),(3,'18600 BLK  GLEN WILLOW WAY','18600','','GLEN WILLOW','','WAY',39.1623,-77.2708,11),(4,'20000 BLK  PLACID LAKE TER','20000','','PLACID LAKE','','TER',39.1848,-77.2936,11),(5,'1400 BLK E WEST HWY','1400','E','WEST','','HWY',38.9934,-77.0336,18),(6,'17100 BLK  KING JAMES WAY','17100','','KING JAMES','','WAY',39.1372,-77.2074,10),(7,'9800 BLK  ALLENFORD CIR','9800','','ALLENFORD','','CIR',39.0872,-77.2095,17),(8,'9900 BLK  MEDICAL CENTER DR','9900','','MEDICAL CENTER','','DR',39.0966,-77.201,17),(9,'','','','GEORGIA','','AVE',0,0,17),(10,'20900 BLK  FREDERICK RD','20900','','FREDERICK','','RD',39.1996,-77.2459,11),(11,'2300 BLK  BLUERIDGE AVE','2300','','BLUERIDGE','','AVE',39.043,-77.0485,18),(12,'19400 BLK  ARCHDALE RD','19400','','ARCHDALE','','RD',39.1749,-77.2412,11),(13,'13000 BLK  MIDDLEBROOK RD','13000','','MIDDLEBROOK','','RD',39.1803,-77.2716,11),(14,'3400 BLK  GATESHEAD MANOR WAY','3400','','GATESHEAD MANOR','','WAY',39.0788,-76.9369,18),(15,'3400 BLK  GATESHEAD MANOR WAY','3400','','GATESHEAD MANOR','','WAY',39.0788,-76.9369,18),(16,'','','','LYTTONSVILLE','','PL',0,0,18),(17,'19900 BLK  FREDERICK RD','19900','','FREDERICK','','RD',39.1813,-77.2384,11),(18,'18800 BLK  BENT WILLOW CIR','18800','','BENT WILLOW','','CIR',39.1637,-77.2601,11),(19,'19900 BLK  SWEETGUM CIR','19900','','SWEETGUM','','CIR',39.1829,-77.2758,11),(20,'5700 BLK  GROSVENOR LA','5700','','GROSVENOR','','LA',0,0,1),(21,'2800 BLK  VIXEN LA','2800','','VIXEN','','LA',0,0,18),(22,'11100 BLK  VEIRS MILL RD','11100','','VEIRS MILL','','RD',39.0376,-77.0519,18),(23,'4800 BLK  RUGBY AVE','4800','','RUGBY','','AVE',38.9913,-77.0968,1),(24,'10200 BLK  NEW HAMPSHIRE AVE','10200','','NEW HAMPSHIRE','','AVE',39.0223,-76.9775,18),(25,'11100 BLK  VEIRS MILL RD','11100','','VEIRS MILL','','RD',39.0376,-77.0519,18),(26,'200 BLK  KENTLANDS BLV','200','','KENTLANDS','','BLV',39.1223,-77.2366,10),(27,'9200 BLK  NEW HAMPSHIRE AVE','9200','','NEW HAMPSHIRE','','AVE',39.0063,-76.981,18),(28,'8500 BLK  16TH ST','8500','','16TH','','ST',38.9956,-77.0384,18),(29,'6400 BLK  ROCK SPRING DR','6400','','ROCK SPRING','','DR',39.0256,-77.1311,1),(30,'1  BLK  VETERANS PL','1','','VETERANS','','PL',38.9974,-77.0245,18),(31,'5500 BLK  WISCONSIN AVE','5500','','WISCONSIN','','AVE',38.9641,-77.0881,6),(32,'1100 BLK  UNIVERSITY BLV','1100','','UNIVERSITY','','BLV',39.0359,-77.027,18),(33,'13200 BLK  COUNTRY RIDGE DR','13200','','COUNTRY RIDGE','','DR',39.1842,-77.2715,11),(34,'21100 BLK  VIRGINIA PINE TER','21100','','VIRGINIA PINE','','TER',39.2038,-77.2423,11),(35,'9400 BLK  CURRAN RD','9400','','CURRAN','','RD',39.0108,-77.0001,18),(36,'12400 BLK  FLACK ST','12400','','FLACK','','ST',39.0596,-77.0523,18),(37,'13000 BLK  TOWN COMMONS DR','13000','','TOWN COMMONS','','DR',39.1821,-77.2689,11),(38,'19500 BLK  CRYSTAL ROCK DR','19500','','CRYSTAL ROCK','','DR',39.1775,-77.2636,11),(39,'7800 BLK  WISCONSIN AVE','7800','','WISCONSIN','','AVE',38.9884,-77.0954,1),(40,'','','','WILSON','','LA',0,0,1),(41,'','','','WILSON','','LA',0,0,1),(42,'15700 BLK  OLD COLUMBIA PIK','15700','','OLD COLUMBIA','','PIK',0,0,4),(43,'900 BLK  SILVER SPRING AVE','900','','SILVER SPRING','','AVE',38.9916,-77.0242,18),(44,'18000 BLK  COTTAGE GARDEN DR','18000','','COTTAGE GARDEN','','DR',39.1525,-77.2746,11),(45,'1100 BLK  RIPLEY ST','1100','','RIPLEY','','ST',38.9927,-77.0293,18),(46,'20300 BLK  CENTURY BLV','20300','','CENTURY','','BLV',39.1887,-77.2629,11),(47,'13300 BLK  KARA LA','13300','','KARA','','LA',0,0,18),(48,'16000 BLK  INDUSTRIAL DR','16000','','INDUSTRIAL','','DR',39.1176,-77.1898,10),(49,'1100 BLK  ARCOLA AVE','1100','','ARCOLA','','AVE',39.04,-77.0286,18),(50,'20300 BLK  CENTURY BLV','20300','','CENTURY','','BLV',39.1887,-77.2629,11),(51,'900 BLK  THAYER AVE','900','','THAYER','','AVE',38.993,-77.0242,18),(52,'14600 BLK  HOMECREST RD','14600','','HOMECREST','','RD',39.0959,-77.0625,18),(53,'3200 BLK  HENDERSON AVE','3200','','HENDERSON','','AVE',39.0546,-77.064,18),(54,'4800 BLK  RUGBY AVE','4800','','RUGBY','','AVE',38.9913,-77.0968,1),(55,'1100 BLK  UNIVERSITY BLV','1100','','UNIVERSITY','','BLV',39.0359,-77.027,18),(56,'8700 BLK  COLESVILLE RD','8700','','COLESVILLE','','RD',38.9979,-77.0272,18),(57,'7500 BLK  BYBROOK LA','7500','','BYBROOK','','LA',0,0,6),(58,'4800 BLK  BETHESDA AVE','4800','','BETHESDA','','AVE',38.9802,-77.0967,1),(59,'9700 BLK  MT PISGAH RD','9700','','MT PISGAH','','RD',39.0155,-76.9773,18),(60,'20900 BLK  FREDERICK RD','20900','','FREDERICK','','RD',39.1996,-77.2459,11),(61,'7100 BLK  ARLINGTON RD','7100','','ARLINGTON','','RD',38.981,-77.0988,1),(62,'600 BLK  QUAINT ACRES DR','600','','QUAINT ACRES','','DR',39.0488,-76.9983,18),(63,'11200 BLK  LOCKWOOD DR','11200','','LOCKWOOD','','DR',39.0401,-76.9922,18),(64,'1200 BLK  FIDLER LA','1200','','FIDLER','','LA',0,0,18),(65,'1100 BLK  BONIFANT ST','1100','','BONIFANT','','ST',38.9931,-77.0282,18),(66,'900 BLK  ROSE AVE','900','','ROSE','','AVE',39.0511,-77.1161,17),(67,'','','','FREDERICK','','RD',0,0,11),(68,'700 BLK  QUINCE ORCHARD BLV','700','','QUINCE ORCHARD','','BLV',39.1385,-77.2232,10),(69,'','','','CROMWELL','','DR',0,0,1),(70,'','','','CROMWELL','','DR',0,0,1),(71,'18900 BLK  FERRY LANDING CIR','18900','','FERRY LANDING','','CIR',39.1659,-77.2518,11),(72,'13900 BLK  CASTAWAY DR','13900','','CASTAWAY','','DR',39.0843,-77.0983,17),(73,'15600 BLK  OLD COLUMBIA PIK','15600','','OLD COLUMBIA','','PIK',39.1125,-76.9353,4),(74,'4900 BLK  CORDELL AVE','4900','','CORDELL','','AVE',38.9893,-77.0981,1),(75,'20900 BLK  FREDERICK RD','20900','','FREDERICK','','RD',39.1996,-77.2459,11),(76,'17600 BLK  REDLAND RD','17600','','REDLAND','','RD',39.1444,-77.1447,9),(77,'9700 BLK  HELLINGLY PL','9700','','HELLINGLY','','PL',39.1597,-77.2042,13),(78,'13700 BLK  CONNECTICUT AVE','13700','','CONNECTICUT','','AVE',39.0789,-77.0808,18),(79,'1500 BLK  DECEMBER DR','1500','','DECEMBER','','DR',39.0416,-76.9808,18),(80,'19400 BLK  CARAVAN DR','19400','','CARAVAN','','DR',39.1732,-77.2816,11),(81,'8600 BLK  COLESVILLE RD','8600','','COLESVILLE','','RD',38.9961,-77.0281,18),(82,'2900 BLK  DAWSON AVE','2900','','DAWSON','','AVE',39.0454,-77.0596,18),(83,'11200 BLK  NEW HAMPSHIRE AVE','11200','','NEW HAMPSHIRE','','AVE',39.0398,-76.9907,18),(84,'11200 BLK  NEW HAMPSHIRE AVE','11200','','NEW HAMPSHIRE','','AVE',39.0398,-76.9907,18),(85,'11200 BLK  NEW HAMPSHIRE AVE','11200','','NEW HAMPSHIRE','','AVE',39.0398,-76.9907,18),(86,'8700 BLK  COLESVILLE RD','8700','','COLESVILLE','','RD',38.9979,-77.0272,18),(87,'14300 BLK  KIMONO CIR','14300','','KIMONO','','CIR',39.1603,-77.2955,2),(88,'13200 BLK  FOXHALL DR','13200','','FOXHALL','','DR',39.0713,-77.0626,18),(89,'','','','SHADY GROVE','','RD',0,0,10),(90,'4500 BLK  RANDOLPH RD','4500','','RANDOLPH','','RD',39.0541,-77.0861,18),(91,'300 BLK N WASHINGTON ST','300','N','WASHINGTON','','ST',39.0894,-77.1541,17),(92,'300 BLK N WASHINGTON ST','300','N','WASHINGTON','','ST',39.0894,-77.1541,17),(93,'11200 BLK  OAK LEAF DR','11200','','OAK LEAF','','DR',39.039,-76.9956,18),(94,'14400 BLK  HOMECREST RD','14400','','HOMECREST','','RD',39.0921,-77.064,18),(95,'14400 BLK  HOMECREST RD','14400','','HOMECREST','','RD',39.0921,-77.064,18),(96,'8000 BLK  WHITTIER BLV','8000','','WHITTIER','','BLV',38.9885,-77.1281,1),(97,'6300 BLK  RIDGE DR','6300','','RIDGE','','DR',38.9417,-77.1215,1),(98,'6300 BLK  RIDGE DR','6300','','RIDGE','','DR',38.9417,-77.1215,1),(99,'16200 BLK  FREDERICK RD','16200','','FREDERICK','','RD',39.1206,-77.1759,10),(100,'','','','ELLSWORTH','','DR',0,0,18),(101,'14100 BLK  ANGELTON TER','14100','','ANGELTON','','TER',39.0872,-76.9319,4),(102,'14100 BLK  ANGELTON TER','14100','','ANGELTON','','TER',39.0872,-76.9319,4),(103,'8000 BLK  EASTERN AVE','8000','','EASTERN','','AVE',38.9891,-77.0318,18),(104,'8000 BLK  EASTERN AVE','8000','','EASTERN','','AVE',38.9891,-77.0318,18),(105,'1  BLK E WAYNE AVE','1','E','WAYNE','','AVE',38.9996,-77.0104,18),(106,'20500 BLK  GOLF COURSE DR','20500','','GOLF COURSE','','DR',39.1953,-77.2697,11),(107,'2300 BLK  STEWART AVE','2300','','STEWART','','AVE',39.0026,-77.0502,18),(108,'1500 BLK  DECEMBER DR','1500','','DECEMBER','','DR',39.0416,-76.9808,18),(109,'3900 BLK  BEL PRE RD','3900','','BEL PRE','','RD',39.0934,-77.0773,18),(110,'11400 BLK  AMHERST AVE','11400','','AMHERST','','AVE',39.0414,-77.0482,18),(111,'12600 BLK  EPPING RD','12600','','EPPING','','RD',39.0616,-77.0603,18),(112,'6800 BLK  WILSON LA','6800','','WILSON','','LA',0,0,1),(113,'','','','GLENOLDEN','','DR',0,0,16),(114,'1  BLK  SEBASTIANI BLV','1','','SEBASTIANI','','BLV',39.1355,-77.2282,10),(115,'','','','I 270','','HWY',0,0,10),(116,'16500 BLK S FREDERICK AVE','16500','S','FREDERICK','','AVE',0,0,10),(117,'900 BLK  THAYER AVE','900','','THAYER','','AVE',38.993,-77.0242,18),(118,'900 BLK  THAYER AVE','900','','THAYER','','AVE',38.993,-77.0242,18),(119,'22700 BLK  CLARKSBURG RD','22700','','CLARKSBURG','','RD',39.2292,-77.2898,7),(120,'18700 BLK  SUMMER OAK CT','18700','','SUMMER OAK','','CT',39.1635,-77.2463,11),(121,'4500 BLK  WILLARD AVE','4500','','WILLARD','','AVE',38.9621,-77.089,6),(122,'4600 BLK N PARK AVE','4600','N','PARK','','AVE',38.9631,-77.0913,6),(123,'9400 BLK  OLD GEORGETOWN RD','9400','','OLD GEORGETOWN','','RD',39.0085,-77.114,1),(124,'7900 BLK  GEORGIA AVE','7900','','GEORGIA','','AVE',38.9852,-77.0268,18),(125,'18300 BLK  MONTGOMERY VILLAGE AVE','18300','','MONTGOMERY VILLAGE','','AVE',39.1573,-77.2055,13),(126,'18300 BLK  MONTGOMERY VILLAGE AVE','18300','','MONTGOMERY VILLAGE','','AVE',39.1573,-77.2055,13),(127,'4900 BLK  ELM ST','4900','','ELM','','ST',38.9821,-77.0961,1),(128,'19800 BLK  CENTURY BLV','19800','','CENTURY','','BLV',39.1806,-77.2683,11),(129,'20900 BLK  FREDERICK RD','20900','','FREDERICK','','RD',39.1996,-77.2459,11),(130,'18100 BLK  WASHINGTON GROVE LA','18100','','WASHINGTON GROVE','','LA',0,0,10),(131,'22500 BLK  DAVIS MILL RD','22500','','DAVIS MILL','','RD',39.2249,-77.2263,11),(132,'300 BLK N SUMMIT AVE','300','N','SUMMIT','','AVE',39.1459,-77.1925,10),(133,'7400 BLK  LAKE KATRINE TER','7400','','LAKE KATRINE','','TER',39.1776,-77.1547,10),(134,'400 BLK  DEER MEADOW LA','400','','DEER MEADOW','','LA',0,0,17),(135,'','','','GEORGIA','','AVE',0,0,18),(136,'13200 BLK  BRISTLECONE WAY','13200','','BRISTLECONE','','WAY',39.1856,-77.2747,11),(137,'13200 BLK  BRISTLECONE WAY','13200','','BRISTLECONE','','WAY',39.1856,-77.2747,11),(138,'13200 BLK  BRISTLECONE WAY','13200','','BRISTLECONE','','WAY',39.1856,-77.2747,11),(139,'','','','GEORGIA','','AVE',0,0,18),(140,'2300 BLK  STEWART AVE','2300','','STEWART','','AVE',39.0026,-77.0502,18),(141,'13600 BLK  WINTERSPOON LA','13600','','WINTERSPOON','','LA',0,0,11),(142,'12900 BLK  WISTERIA DR','12900','','WISTERIA','','DR',39.1768,-77.2713,11),(143,'7900 BLK  GEORGIA AVE','7900','','GEORGIA','','AVE',38.9852,-77.0268,18),(144,'16100 BLK  HAYSHIRE CT','16100','','HAYSHIRE','','CT',39.1223,-77.2599,10),(145,'1300 BLK E WEST HWY','1300','E','WEST','','HWY',38.9929,-77.0322,18),(146,'22700 BLK  WARD AVE','22700','','WARD','','AVE',39.2283,-77.2355,11),(147,'22700 BLK  WARD AVE','22700','','WARD','','AVE',39.2283,-77.2355,11),(148,'1600 BLK  PARHAM RD','1600','','PARHAM','','RD',39.0156,-76.9806,18),(149,'11200 BLK  LOCKWOOD DR','11200','','LOCKWOOD','','DR',39.0401,-76.9922,18),(150,'11200 BLK  LOCKWOOD DR','11200','','LOCKWOOD','','DR',39.0401,-76.9922,18),(151,'20000 BLK  GOSHEN RD','20000','','GOSHEN','','RD',39.1858,-77.189,10),(152,'14100 BLK  CASTLE BLV','14100','','CASTLE','','BLV',39.087,-76.9404,18),(153,'14100 BLK  CASTLE BLV','14100','','CASTLE','','BLV',39.087,-76.9404,18),(154,'8600 BLK  GEORGIA AVE','8600','','GEORGIA','','AVE',38.9961,-77.0282,18),(155,'8000 BLK  KENNETT ST','8000','','KENNETT','','ST',38.9873,-77.0278,18),(156,'8000 BLK  KENNETT ST','8000','','KENNETT','','ST',38.9873,-77.0278,18),(157,'3000 BLK  RANDOLPH RD','3000','','RANDOLPH','','RD',39.0593,-77.0621,18),(158,'20800 BLK  WHITES FERRY RD','20800','','WHITES FERRY','','RD',39.1454,-77.4389,15),(159,'15500 BLK  OLD COLUMBIA PIK','15500','','OLD COLUMBIA','','PIK',0,0,4),(160,'19400 BLK  BRASSIE PL','19400','','BRASSIE','','PL',39.1745,-77.2021,13),(161,'19400 BLK  BRASSIE PL','19400','','BRASSIE','','PL',39.1745,-77.2021,13),(162,'19300 BLK  MONTGOMERY VILLAGE AVE','19300','','MONTGOMERY VILLAGE','','AVE',39.173,-77.2039,13),(163,'1  BLK  SHEFFIELD MANOR CT','1','','SHEFFIELD MANOR','','CT',39.0778,-76.9351,18),(164,'14400 BLK  BRAD DR','14400','','BRAD','','DR',39.0892,-77.0925,17),(165,'10300 BLK  STRATHMORE HALL ST','10300','','STRATHMORE HALL','','ST',39.0253,-77.102,17),(166,'12400 BLK  PARK POTOMAC AVE','12400','','PARK POTOMAC','','AVE',39.0579,-77.1581,16),(167,'14200 BLK  BRADSHAW DR','14200','','BRADSHAW','','DR',39.0891,-76.9584,18),(168,'19300 BLK  CIRCLE GATE DR','19300','','CIRCLE GATE','','DR',39.1734,-77.2663,11),(169,'4300 BLK  WARNER ST','4300','','WARNER','','ST',39.029,-77.0843,12),(170,'8700 BLK  ARLISS ST','8700','','ARLISS','','ST',38.9986,-77.0011,18),(171,'20900 BLK  FREDERICK RD','20900','','FREDERICK','','RD',39.1996,-77.2459,11),(172,'','','','NORTHAMPTON','','DR',0,0,18),(173,'4500 BLK  DABNEY DR','4500','','DABNEY','','DR',39.0926,-77.089,17),(174,'4500 BLK  DABNEY DR','4500','','DABNEY','','DR',39.0926,-77.089,17),(175,'18600 BLK  GLEN WILLOW WAY','18600','','GLEN WILLOW','','WAY',39.1623,-77.2708,11),(176,'18900 BLK  BONANZA WAY','18900','','BONANZA','','WAY',39.1668,-77.1708,10),(177,'10400 BLK  OLD GEORGETOWN RD','10400','','OLD GEORGETOWN','','RD',39.0253,-77.1272,1),(178,'','','','LYTTONSVILLE','','PL',0,0,18),(179,'14200 BLK  WEEPING WILLOW DR','14200','','WEEPING WILLOW','','DR',39.0904,-77.067,18),(180,'11100 BLK  NEWPORT MILL RD','11100','','NEWPORT MILL','','RD',39.0372,-77.0724,12),(181,'3200 BLK  FARMINGTON DR','3200','','FARMINGTON','','DR',38.994,-77.0651,6),(182,'3200 BLK  FARMINGTON DR','3200','','FARMINGTON','','DR',38.994,-77.0651,6),(183,'11100 BLK  NEWPORT MILL RD','11100','','NEWPORT MILL','','RD',39.0372,-77.0724,12),(184,'600 BLK  ELMCROFT BLV','600','','ELMCROFT','','BLV',39.1141,-77.1663,17),(185,'1300 BLK  BRIGHTON DAM RD','1300','','BRIGHTON DAM','','RD',39.1853,-77.0371,3),(186,'7600 BLK  RICKENBACKER DR','7600','','RICKENBACKER','','DR',39.1723,-77.1576,10),(187,'11100 BLK  VEIRS MILL RD','11100','','VEIRS MILL','','RD',39.0376,-77.0519,18),(188,'11100 BLK  NEWPORT MILL RD','11100','','NEWPORT MILL','','RD',39.0372,-77.0724,12),(189,'15000 BLK  BROSCHART RD','15000','','BROSCHART','','RD',39.103,-77.202,17),(190,'4300 BLK E WEST HWY','4300','E','WEST','','HWY',38.9855,-77.087,1),(191,'300 BLK  UNIVERSITY BLV','300','','UNIVERSITY','','BLV',39.0122,-77.0005,18),(192,'300 BLK  UNIVERSITY BLV','300','','UNIVERSITY','','BLV',39.0122,-77.0005,18),(193,'3300 BLK  TIDEWATER CT','3300','','TIDEWATER','','CT',39.1567,-77.0663,14),(194,'11200 BLK  OAK LEAF DR','11200','','OAK LEAF','','DR',39.039,-76.9956,18),(195,'','','','WAYNE','','AVE',0,0,18),(196,'','','','WAYNE','','AVE',0,0,18),(197,'26000 BLK  RIDGE RD','26000','','RIDGE','','RD',39.2835,-77.2112,8),(198,'2300 BLK  GREENERY LA','2300','','GREENERY','','LA',0,0,18),(199,'','','','FENWICK','','LA',0,0,18),(200,'11700 BLK  DEWEY RD','11700','','DEWEY','','RD',39.047,-77.0881,18),(201,'4200 BLK  CHERRY VALLEY DR','4200','','CHERRY VALLEY','','DR',39.1365,-77.0823,14),(202,'1200 BLK E RANDOLPH RD','1200','E','RANDOLPH','','RD',39.0665,-77.0304,18),(203,'1100 BLK  BONIFANT ST','1100','','BONIFANT','','ST',38.9931,-77.0282,18),(204,'12900 BLK  BOGGY TRAIL WAY','12900','','BOGGY TRAIL','','WAY',39.2052,-77.267,11),(205,'5100 BLK  CROSSFIELD CT','5100','','CROSSFIELD','','CT',39.0571,-77.1029,17),(206,'20900 BLK  FREDERICK RD','20900','','FREDERICK','','RD',39.1996,-77.2459,11),(207,'900 BLK  NORTHAMPTON DR','900','','NORTHAMPTON','','DR',39.0076,-76.9819,18),(208,'900 BLK  NORTHAMPTON DR','900','','NORTHAMPTON','','DR',39.0076,-76.9819,18),(209,'','','','LIBERTY MILL','','RD',0,0,11),(210,'12200 BLK  VEIRS MILL RD','12200','','VEIRS MILL','','RD',39.0561,-77.0833,18),(211,'13700 BLK  WANEGARDEN DR','13700','','WANEGARDEN','','DR',39.1834,-77.2845,11),(212,'600 BLK  MONROE ST','600','','MONROE','','ST',39.0778,-77.1516,17),(213,'15000 BLK  BROSCHART RD','15000','','BROSCHART','','RD',39.103,-77.202,17),(214,'8600 BLK  COLESVILLE RD','8600','','COLESVILLE','','RD',38.9961,-77.0281,18),(215,'13400 BLK  DAVENTRY WAY','13400','','DAVENTRY','','WAY',39.1567,-77.2789,11),(216,'13400 BLK  TAMARACK RD','13400','','TAMARACK','','RD',39.0745,-76.9836,18),(217,'20000 BLK  AIRCRAFT DR','20000','','AIRCRAFT','','DR',39.1844,-77.2626,11),(218,'8200 BLK  EMORY GROVE RD','8200','','EMORY GROVE','','RD',39.1489,-77.168,10),(219,'18700 BLK  CROSS COUNTRY LA','18700','','CROSS COUNTRY','','LA',0,0,10),(220,'12200 BLK  GEORGIA AVE','12200','','GEORGIA','','AVE',39.0559,-77.05,18),(221,'8500 BLK  11TH AVE','8500','','11TH','','AVE',38.9969,-76.9917,18),(222,'10400 BLK  OLD GEORGETOWN RD','10400','','OLD GEORGETOWN','','RD',39.0253,-77.1272,1),(223,'12000 BLK  CHERRY HILL RD','12000','','CHERRY HILL','','RD',39.0516,-76.9567,18),(224,'4000 BLK  HOWARD AVE','4000','','HOWARD','','AVE',39.0296,-77.0787,12),(225,'','','','MIDRIDGE','','RD',0,0,11),(226,'8200 BLK  GEORGIA AVE','8200','','GEORGIA','','AVE',38.9917,-77.0272,18),(227,'8600 BLK  COLESVILLE RD','8600','','COLESVILLE','','RD',38.9961,-77.0281,18),(228,'','','','LAYHILL','','RD',0,0,18),(229,'18400 BLK  LOST KNIFE CIR','18400','','LOST KNIFE','','CIR',39.1585,-77.1984,13),(230,'20000 BLK  CENTURY BLV','20000','','CENTURY','','BLV',39.1846,-77.2614,11),(231,'8100 BLK  GEORGIA AVE','8100','','GEORGIA','','AVE',38.9902,-77.0271,18),(232,'8000 BLK  13TH ST','8000','','13TH','','ST',38.987,-77.0295,18),(233,'10800 BLK  ANTIGUA TER','10800','','ANTIGUA','','TER',39.0329,-77.1185,17),(234,'7300 BLK  WISCONSIN AVE','7300','','WISCONSIN','','AVE',38.9823,-77.0932,1),(235,'12600 BLK  WISTERIA DR','12600','','WISTERIA','','DR',39.1695,-77.2612,11),(236,'4700 BLK  TALLAHASSEE AVE','4700','','TALLAHASSEE','','AVE',39.0696,-77.0955,17),(237,'19700 BLK  GREENSIDE TER','19700','','GREENSIDE','','TER',39.1792,-77.2003,13),(238,'3700 BLK  BEL PRE RD','3700','','BEL PRE','','RD',39.0936,-77.0753,18),(239,'1  BLK  SCHOOL DR','1','','SCHOOL','','DR',39.1189,-77.215,10),(240,'1  BLK  SCHOOL DR','1','','SCHOOL','','DR',39.1189,-77.215,10),(241,'11100 BLK  NEW HAMPSHIRE AVE','11100','','NEW HAMPSHIRE','','AVE',39.0377,-76.9897,18),(242,'3000 BLK  BEL PRE RD','3000','','BEL PRE','','RD',39.091,-77.0634,18),(243,'19700 BLK  GERMANTOWN RD','19700','','GERMANTOWN','','RD',39.1796,-77.2673,11),(244,'11800 BLK  OLD GEORGETOWN RD','11800','','OLD GEORGETOWN','','RD',39.0505,-77.1105,17),(245,'4500 BLK  ADRIAN ST','4500','','ADRIAN','','ST',39.0606,-77.089,17),(246,'14200 BLK  PICCADILLY RD','14200','','PICCADILLY','','RD',39.088,-77.0357,18),(247,'100 BLK  HALPINE RD','100','','HALPINE','','RD',39.0626,-77.1224,17),(248,'4500 BLK  ADRIAN ST','4500','','ADRIAN','','ST',39.0606,-77.089,17),(249,'11700 BLK  ENID DR','11700','','ENID','','DR',39.0465,-77.1681,16),(250,'11400 BLK  GEORGETOWNE DR','11400','','GEORGETOWNE','','DR',39.0418,-77.167,16),(251,'2300 BLK  GREENERY LA','2300','','GREENERY','','LA',0,0,18),(252,'20900 BLK  FREDERICK RD','20900','','FREDERICK','','RD',39.1996,-77.2459,11),(253,'12000 BLK  CHERRY HILL RD','12000','','CHERRY HILL','','RD',39.0516,-76.9567,18),(254,'15300 BLK  GABLE RIDGE CT','15300','','GABLE RIDGE','','CT',39.1081,-77.203,17),(255,'14200 BLK  GEORGIA AVE','14200','','GEORGIA','','AVE',39.0887,-77.0798,18),(256,'7100 BLK  WESTLAKE TER','7100','','WESTLAKE','','TER',39.0265,-77.1441,1),(257,'1  BLK  BRIGHTON DR','1','','BRIGHTON','','DR',39.1313,-77.1991,10),(258,'12000 BLK  CHERRY HILL RD','12000','','CHERRY HILL','','RD',39.0516,-76.9567,18),(259,'20600 BLK  SENECA MEADOWS PKW','20600','','SENECA MEADOWS','','PKW',39.1995,-77.2565,11),(260,'12300 BLK  PROSPERITY DR','12300','','PROSPERITY','','DR',39.0576,-76.968,18),(261,'13500 BLK  GEORGIA AVE','13500','','GEORGIA','','AVE',39.0766,-77.0726,18),(262,'19400 BLK  CRYSTAL ROCK DR','19400','','CRYSTAL ROCK','','DR',39.1756,-77.266,11),(263,'1  BLK  DUDLEY CT','1','','DUDLEY','','CT',39.0148,-77.103,1),(264,'8000 BLK  GEORGIA AVE','8000','','GEORGIA','','AVE',38.9882,-77.027,18),(265,'19200 BLK  CIRCLE GATE DR','19200','','CIRCLE GATE','','DR',39.1695,-77.2652,11),(266,'20600 BLK  SENECA MEADOWS PKW','20600','','SENECA MEADOWS','','PKW',39.1995,-77.2565,11),(267,'1000 BLK  CANNON RD','1000','','CANNON','','RD',39.0696,-76.9915,18),(268,'14900 BLK  EMORY LA','14900','','EMORY','','LA',0,0,17),(269,'200 BLK  KENTLANDS BLV','200','','KENTLANDS','','BLV',39.1223,-77.2366,10),(270,'11000 BLK  VEIRS MILL RD','11000','','VEIRS MILL','','RD',39.0361,-77.0501,18),(271,'900 BLK  ROSE AVE','900','','ROSE','','AVE',39.0511,-77.1161,17),(272,'','','','DARNESTOWN','','RD',0,0,10),(273,'11100 BLK  VEIRS MILL RD','11100','','VEIRS MILL','','RD',39.0376,-77.0519,18),(274,'11100 BLK  VEIRS MILL RD','11100','','VEIRS MILL','','RD',39.0376,-77.0519,18),(275,'2900 BLK  HEWITT AVE','2900','','HEWITT','','AVE',39.0808,-77.0589,18),(276,'','','','QUINCE ORCHARD','','RD',0,0,10),(277,'8900 BLK N WESTLAND DR','8900','N','WESTLAND','','DR',39.1299,-77.1816,10),(278,'8600 BLK  COLESVILLE RD','8600','','COLESVILLE','','RD',38.9961,-77.0281,18),(279,'','','','FREDERICK','','RD',0,0,17),(280,'13800 BLK  CASTLE BLV','13800','','CASTLE','','BLV',39.0835,-76.9435,18),(281,'10100 BLK  SUTHERLAND RD','10100','','SUTHERLAND','','RD',39.021,-77.0135,18),(282,'10100 BLK  SUTHERLAND RD','10100','','SUTHERLAND','','RD',39.021,-77.0135,18),(283,'12800 BLK  PARKLAND DR','12800','','PARKLAND','','DR',39.065,-77.0893,17),(284,'300 BLK  WHITE ASH PL','300','','WHITE ASH','','PL',39.1527,-77.2317,10),(285,'300 BLK  WHITE ASH PL','300','','WHITE ASH','','PL',39.1527,-77.2317,10),(286,'12800 BLK  PARKLAND DR','12800','','PARKLAND','','DR',39.065,-77.0893,17),(287,'2700 BLK  FAIRDALE TER','2700','','FAIRDALE','','TER',39.0919,-76.9563,18),(288,'11300 BLK  GRANDVIEW AVE','11300','','GRANDVIEW','','AVE',39.0402,-77.0527,18),(289,'11300 BLK  GRANDVIEW AVE','11300','','GRANDVIEW','','AVE',39.0402,-77.0527,18),(290,'12600 BLK  WISTERIA DR','12600','','WISTERIA','','DR',39.1695,-77.2612,11),(291,'11200 BLK  LOCKWOOD DR','11200','','LOCKWOOD','','DR',39.0401,-76.9922,18),(292,'9300 BLK  PINEY BRANCH RD','9300','','PINEY BRANCH','','RD',39.0018,-76.9858,18),(293,'','','','NEW HAMPSHIRE','','AVE',0,0,18),(294,'15800 BLK  FREDERICK RD','15800','','FREDERICK','','RD',39.1145,-77.1644,9),(295,'15800 BLK  FREDERICK RD','15800','','FREDERICK','','RD',39.1145,-77.1644,9),(296,'1200 BLK E GUDE DR','1200','E','GUDE','','DR',39.0991,-77.1384,17),(297,'8700 BLK  COLESVILLE RD','8700','','COLESVILLE','','RD',38.9979,-77.0272,18),(298,'12900 BLK  BLUHILL RD','12900','','BLUHILL','','RD',39.0678,-77.0685,18),(299,'13800 BLK  CASTLE BLV','13800','','CASTLE','','BLV',39.0835,-76.9435,18),(300,'','','','GAITHER','','RD',0,0,10),(301,'3000 BLK  BEL PRE RD','3000','','BEL PRE','','RD',39.091,-77.0634,18),(302,'200 BLK W DIAMOND AVE','200','W','DIAMOND','','AVE',39.1412,-77.2066,10),(303,'11200 BLK  GEORGIA AVE','11200','','GEORGIA','','AVE',39.0388,-77.0513,18),(304,'11200 BLK  GEORGIA AVE','11200','','GEORGIA','','AVE',39.0388,-77.0513,18),(305,'11200 BLK  GEORGIA AVE','11200','','GEORGIA','','AVE',39.0388,-77.0513,18),(306,'13100 BLK  BROADMORE RD','13100','','BROADMORE','','RD',39.0714,-76.9924,18),(307,'13100 BLK  BROADMORE RD','13100','','BROADMORE','','RD',39.0714,-76.9924,18),(308,'500 BLK  SUMMIT HALL RD','500','','SUMMIT HALL','','RD',39.1275,-77.197,10),(309,'9700 BLK  MT PISGAH RD','9700','','MT PISGAH','','RD',39.0155,-76.9773,18),(310,'11100 BLK  VEIRS MILL RD','11100','','VEIRS MILL','','RD',39.0376,-77.0519,18),(311,'11400 BLK  MONTERREY DR','11400','','MONTERREY','','DR',39.0431,-77.0603,18),(312,'4900 BLK  CRESCENT ST','4900','','CRESCENT','','ST',38.9538,-77.0961,1),(313,'2300 BLK  UNIVERSITY BLV','2300','','UNIVERSITY','','BLV',39.0414,-77.0494,18),(314,'18700 BLK  WALKERS CHOICE RD','18700','','WALKERS CHOICE','','RD',39.1633,-77.2051,13),(315,'6200 BLK  GARNETT DR','6200','','GARNETT','','DR',38.9702,-77.1089,6),(316,'5800 BLK  WAINWRIGHT AVE','5800','','WAINWRIGHT','','AVE',39.0688,-77.1189,17),(317,'900 BLK  SNURE RD','900','','SNURE','','RD',39.0321,-77.0249,18),(318,'','','','GREENTREE','','RD',0,0,1),(319,'','','','GREENTREE','','RD',0,0,1),(320,'','','','MIDDLEBROOK','','RD',0,0,11),(321,'2800 BLK  TERRACE DR','2800','','TERRACE','','DR',38.9967,-77.0576,6),(322,'20900 BLK  FREDERICK RD','20900','','FREDERICK','','RD',39.1996,-77.2459,11),(323,'10000 BLK  CEDAR LA','10000','','CEDAR','','LA',0,0,12),(324,'13600 BLK  CONNECTICUT AVE','13600','','CONNECTICUT','','AVE',39.0776,-77.0809,18),(325,'12000 BLK  ROCKVILLE PIK','12000','','ROCKVILLE','','PIK',0,0,17),(326,'18000 BLK  GEORGIA AVE','18000','','GEORGIA','','AVE',39.1511,-77.0673,14),(327,'12100 BLK  HERITAGE PARK CIR','12100','','HERITAGE PARK','','CIR',39.0553,-77.0804,18),(328,'','','','ROXBURY','','DR',0,0,1),(329,'11100 BLK  VEIRS MILL RD','11100','','VEIRS MILL','','RD',39.0376,-77.0519,18),(330,'7900 BLK  QUEENAIR DR','7900','','QUEENAIR','','DR',39.1695,-77.162,10),(331,'8700 BLK  FLOWER AVE','8700','','FLOWER','','AVE',38.9984,-77.0039,18),(332,'11100 BLK  VEIRS MILL RD','11100','','VEIRS MILL','','RD',39.0376,-77.0519,18),(333,'12200 BLK  VEIRS MILL RD','12200','','VEIRS MILL','','RD',39.0561,-77.0833,18),(334,'15600 BLK  MARATHON CIR','15600','','MARATHON','','CIR',39.1133,-77.1973,10),(335,'12600 BLK  PRICES DISTILLERY RD','12600','','PRICES DISTILLERY','','RD',39.286,-77.2614,8),(336,'3500 BLK  KAYSON ST','3500','','KAYSON','','ST',39.069,-77.0694,18),(337,'','','','NEWPORT MILL','','RD',0,0,18),(338,'15400 BLK  OLD COLUMBIA PIK','15400','','OLD COLUMBIA','','PIK',0,0,4),(339,'2600 BLK  CORY TER','2600','','CORY','','TER',39.0517,-77.0527,18),(340,'900 BLK  GABEL ST','900','','GABEL','','ST',39.0332,-77.025,18),(341,'10600 BLK  FALLS RD','10600','','FALLS','','RD',39.0294,-77.2017,16),(342,'11400 BLK  LOCKWOOD DR','11400','','LOCKWOOD','','DR',39.0409,-76.9879,18),(343,'11100 BLK  VEIRS MILL RD','11100','','VEIRS MILL','','RD',39.0376,-77.0519,18),(344,'12800 BLK  LOCBURY CIR','12800','','LOCBURY','','CIR',39.1852,-77.2653,11),(345,'1700 BLK E WEST HWY','1700','E','WEST','','HWY',38.995,-77.0384,18),(346,'11100 BLK  VEIRS MILL RD','11100','','VEIRS MILL','','RD',39.0376,-77.0519,18),(347,'14200 BLK  WOLF CREEK PL','14200','','WOLF CREEK','','PL',39.1076,-77.0564,18),(348,'1500 BLK  FOREST GLEN RD','1500','','FOREST GLEN','','RD',39.0146,-77.0353,18),(349,'300 BLK  SOUTHAMPTON DR','300','','SOUTHAMPTON','','DR',39.005,-76.9823,18),(350,'3000 BLK  BEL PRE RD','3000','','BEL PRE','','RD',39.091,-77.0634,18),(351,'800 BLK  ELLSWORTH DR','800','','ELLSWORTH','','DR',38.9978,-77.0247,18),(352,'13200 BLK  CLOPPERS MILL DR','13200','','CLOPPERS MILL','','DR',39.1498,-77.2737,11),(353,'3100 BLK  BENTON SQUARE DR','3100','','BENTON SQUARE','','DR',39.1397,-77.0625,14),(354,'18400 BLK  LOST KNIFE CIR','18400','','LOST KNIFE','','CIR',39.1585,-77.1984,13),(355,'13400 BLK  ANSEL TER','13400','','ANSEL','','TER',39.1469,-77.2763,11),(356,'1700 BLK E WEST HWY','1700','E','WEST','','HWY',38.995,-77.0384,18),(357,'1  BLK  OBSERVATION CT','1','','OBSERVATION','','CT',39.1919,-77.2478,11),(358,'3400 BLK  ROBEY TER','3400','','ROBEY','','TER',39.083,-76.9384,18),(359,'11800 BLK  IDLEWOOD RD','11800','','IDLEWOOD','','RD',39.0484,-77.0867,18),(360,'3800 BLK  SKI LODGE DR','3800','','SKI LODGE','','DR',39.0833,-76.9319,4),(361,'5500 BLK  WISCONSIN AVE','5500','','WISCONSIN','','AVE',38.9641,-77.0881,6),(362,'2300 BLK  GLENMONT CIR','2300','','GLENMONT','','CIR',39.0567,-77.0482,18),(363,'6800 BLK  WISCONSIN AVE','6800','','WISCONSIN','','AVE',38.9779,-77.0914,6),(364,'7900 BLK  PEARLBUSH DR','7900','','PEARLBUSH','','DR',39.1589,-77.1629,10),(365,'5600 BLK  HOOVER ST','5600','','HOOVER','','ST',38.9968,-77.1144,1),(366,'8100 BLK  CASTLEBURY TER','8100','','CASTLEBURY','','TER',39.1641,-77.1674,10),(367,'10200 BLK  OLD GEORGETOWN RD','10200','','OLD GEORGETOWN','','RD',39.0229,-77.1246,1),(368,'14100 BLK  CASTLE BLV','14100','','CASTLE','','BLV',39.087,-76.9404,18),(369,'11800 BLK  IDLEWOOD RD','11800','','IDLEWOOD','','RD',39.0484,-77.0867,18),(370,'4700 BLK  CHEVY CHASE BLV','4700','','CHEVY CHASE','','BLV',38.9732,-77.0925,6),(371,'3300 BLK  TEAGARDEN CIR','3300','','TEAGARDEN','','CIR',39.0816,-76.9441,18),(372,'1100 BLK  UNIVERSITY BLV','1100','','UNIVERSITY','','BLV',39.0359,-77.027,18),(373,'4900 BLK  ST ELMO AVE','4900','','ST ELMO','','AVE',38.9889,-77.0973,1),(374,'6800 BLK  WISCONSIN AVE','6800','','WISCONSIN','','AVE',38.9779,-77.0914,6),(375,'1500 BLK  MOFFET RD','1500','','MOFFET','','RD',39.0176,-76.9824,18),(376,'5500 BLK  RANDOLPH RD','5500','','RANDOLPH','','RD',39.0528,-77.1105,17),(377,'4800 BLK  RUGBY AVE','4800','','RUGBY','','AVE',38.9913,-77.0968,1),(378,'4800 BLK  RUGBY AVE','4800','','RUGBY','','AVE',38.9913,-77.0968,1),(379,'400 BLK N FREDERICK AVE','400','N','FREDERICK','','AVE',39.145,-77.2055,10),(380,'7400 BLK  NEW HAMPSHIRE AVE','7400','','NEW HAMPSHIRE','','AVE',38.9839,-76.9887,19),(381,'9400 BLK  COLESVILLE RD','9400','','COLESVILLE','','RD',39.0094,-77.0179,18),(382,'12200 BLK  ROCKVILLE PIK','12200','','ROCKVILLE','','PIK',39.0551,-77.1189,17),(383,'12200 BLK  ROCKVILLE PIK','12200','','ROCKVILLE','','PIK',39.0551,-77.1189,17),(384,'12000 BLK  CHESTNUT BRANCH WAY','12000','','CHESTNUT BRANCH','','WAY',39.2295,-77.249,7),(385,'8400 BLK  PINEY BRANCH RD','8400','','PINEY BRANCH','','RD',38.9962,-77.0059,18),(386,'7400 BLK  OSKALOOSA DR','7400','','OSKALOOSA','','DR',39.1137,-77.1494,9),(387,'12000 BLK  CHERRY HILL RD','12000','','CHERRY HILL','','RD',39.0516,-76.9567,18),(388,'9400 BLK  COPENHAVER DR','9400','','COPENHAVER','','DR',39.0599,-77.1939,16),(389,'7100 BLK  DEMOCRACY BLV','7100','','DEMOCRACY','','BLV',39.0221,-77.1474,1),(390,'4100 BLK  SANDY SPRING RD','4100','','SANDY SPRING','','RD',39.1122,-76.9276,4),(391,'11500 BLK  ROCKVILLE PIK','11500','','ROCKVILLE','','PIK',39.0451,-77.1125,17),(392,'20000 BLK  FREDERICK RD','20000','','FREDERICK','','RD',39.1832,-77.2402,11),(393,'1200 BLK E WEST HWY','1200','E','WEST','','HWY',38.9902,-77.0299,18),(394,'11700 BLK  OLD GEORGETOWN RD','11700','','OLD GEORGETOWN','','RD',39.0503,-77.1138,17),(395,'5100 BLK  NICHOLSON LA','5100','','NICHOLSON','','LA',0,0,12),(396,'12000 BLK  ROCKVILLE PIK','12000','','ROCKVILLE','','PIK',0,0,17),(397,'12000 BLK  ROCKVILLE PIK','12000','','ROCKVILLE','','PIK',0,0,17),(398,'19700 BLK  GERMANTOWN RD','19700','','GERMANTOWN','','RD',39.1796,-77.2673,11),(399,'100 BLK  CHEVY CHASE ST','100','','CHEVY CHASE','','ST',39.1228,-77.232,10),(400,'11700 BLK  OLD COLUMBIA PIK','11700','','OLD COLUMBIA','','PIK',39.0491,-76.9817,18),(401,'3500 BLK  UNIVERSITY BLV','3500','','UNIVERSITY','','BLV',39.0346,-77.07,12),(402,'6800 BLK  ALGONQUIN AVE','6800','','ALGONQUIN','','AVE',38.9856,-77.1369,1),(403,'6600 BLK  80TH PL','6600','','80TH','','PL',38.9758,-77.1668,5),(404,'4500 BLK  BENNION RD','4500','','BENNION','','RD',39.0532,-77.0854,18),(405,'18100 BLK  WASHINGTON GROVE LA','18100','','WASHINGTON GROVE','','LA',0,0,10),(406,'3000 BLK  FAYETTE RD','3000','','FAYETTE','','RD',39.0267,-77.0603,12),(407,'14100 BLK  GEORGIA AVE','14100','','GEORGIA','','AVE',39.0877,-77.0796,18),(408,'11500 BLK  BUCKNELL DR','11500','','BUCKNELL','','DR',39.0433,-77.0464,18),(409,'9800 BLK  WASHINGTONIAN BLV','9800','','WASHINGTONIAN','','BLV',39.1142,-77.1971,10),(410,'12800 BLK  FAIRCHILD DR','12800','','FAIRCHILD','','DR',39.1928,-77.263,11),(411,'','','','WATERS LANDING','','DR',0,0,11),(412,'4800 BLK  EDGEMOOR LA','4800','','EDGEMOOR','','LA',0,0,1),(413,'11600 BLK  LOCKWOOD DR','11600','','LOCKWOOD','','DR',39.0417,-76.9848,18),(414,'7500 BLK  BUENA VISTA TER','7500','','BUENA VISTA','','TER',39.1121,-77.1523,9),(415,'1700 BLK E WEST HWY','1700','E','WEST','','HWY',38.995,-77.0384,18),(416,'12700 BLK  TURKEY BRANCH PKW','12700','','TURKEY BRANCH','','PKW',39.0648,-77.0882,17),(417,'','','','SWAN HOUSE','','CT',0,0,4),(418,'4400 BLK  REGALWOOD TER','4400','','REGALWOOD','','TER',39.0999,-76.9195,4),(419,'9800 BLK  MAIN ST','9800','','MAIN','','ST',39.2873,-77.2021,8),(420,'17100 BLK  CARWELL RD','17100','','CARWELL','','RD',39.1359,-76.9914,18),(421,'14200 BLK  PEAR TREE LA','14200','','PEAR TREE','','LA',0,0,18),(422,'9700 BLK  NEW HAMPSHIRE AVE','9700','','NEW HAMPSHIRE','','AVE',39.0152,-76.9779,18),(423,'4000 BLK  64TH ST','4000','','64TH','','ST',38.9428,-77.1206,1),(424,'8400 BLK  FENTON ST','8400','','FENTON','','ST',38.9946,-77.0244,18),(425,'11500 BLK  SULLNICK WAY','11500','','SULLNICK','','WAY',39.1483,-77.2354,10),(426,'11500 BLK  OLD GEORGETOWN RD','11500','','OLD GEORGETOWN','','RD',39.0453,-77.1208,17),(427,'14100 BLK  GRAND PRE RD','14100','','GRAND PRE','','RD',39.0868,-77.0739,18),(428,'11700 BLK  SUMMER OAK DR','11700','','SUMMER OAK','','DR',39.1649,-77.244,11),(429,'11800 BLK  BOLAND MANOR DR','11800','','BOLAND MANOR','','DR',39.1934,-77.2433,11),(430,'16500 BLK S FREDERICK AVE','16500','S','FREDERICK','','AVE',0,0,10),(431,'9800 BLK  WATTS BRANCH DR','9800','','WATTS BRANCH','','DR',39.0674,-77.2025,17),(432,'13100 BLK  CABINWOOD DR','13100','','CABINWOOD','','DR',39.071,-76.9865,18),(433,'3300 BLK  ROLLING RD','3300','','ROLLING','','RD',38.9855,-77.0668,6),(434,'2400 BLK  BEL PRE RD','2400','','BEL PRE','','RD',39.0892,-77.0488,18),(435,'19500 BLK  FREDERICK RD','19500','','FREDERICK','','RD',39.1754,-77.2401,11),(436,'900 BLK  PHEASANT RUN DR','900','','PHEASANT RUN','','DR',39.1446,-77.2353,10),(437,'14400 BLK  WEATHERED BARN CT','14400','','WEATHERED BARN','','CT',39.0891,-77.2996,11),(438,'20900 BLK  FREDERICK RD','20900','','FREDERICK','','RD',39.1996,-77.2459,11),(439,'1300 BLK E WEST HWY','1300','E','WEST','','HWY',38.9929,-77.0322,18),(440,'7400 BLK  LAKEVIEW DR','7400','','LAKEVIEW','','DR',39.0264,-77.149,1),(441,'20900 BLK  FREDERICK RD','20900','','FREDERICK','','RD',39.1996,-77.2459,11),(442,'600 BLK  RANDOLPH RD','600','','RANDOLPH','','RD',39.0654,-77.021,18),(443,'7100 BLK  CLARENDON RD','7100','','CLARENDON','','RD',38.9809,-77.1007,1),(444,'1  BLK  NOBLEWOOD CT','1','','NOBLEWOOD','','CT',39.1448,-77.2316,10),(445,'11600 BLK  NEBEL ST','11600','','NEBEL','','ST',39.0466,-77.1056,17),(446,'15000 BLK  BROSCHART RD','15000','','BROSCHART','','RD',39.103,-77.202,17),(447,'12900 BLK  HOLDRIDGE RD','12900','','HOLDRIDGE','','RD',39.0681,-77.0651,18),(448,'11300 BLK  GALT AVE','11300','','GALT','','AVE',39.0419,-77.0583,18),(449,'2400 BLK  JONES LA','2400','','JONES','','LA',0,0,18),(450,'1200 BLK  ROCKVILLE PIK','1200','','ROCKVILLE','','PIK',0,0,17),(451,'3500 BLK  PEAR TREE CT','3500','','PEAR TREE','','CT',39.0891,-77.0699,18),(452,'3500 BLK  PEAR TREE CT','3500','','PEAR TREE','','CT',39.0891,-77.0699,18),(453,'19500 BLK  WATERS RD','19500','','WATERS','','RD',39.176,-77.2731,11),(454,'19500 BLK  WATERS RD','19500','','WATERS','','RD',39.176,-77.2731,11),(455,'11100 BLK  VEIRS MILL RD','11100','','VEIRS MILL','','RD',39.0376,-77.0519,18),(456,'26100 BLK  RUDALE DR','26100','','RUDALE','','DR',39.2836,-77.2841,7),(457,'','','','ROCKVILLE','','PIK',0,0,1),(458,'20300 BLK  SWALLOW POINT RD','20300','','SWALLOW POINT','','RD',39.189,-77.1999,13),(459,'20300 BLK  SWALLOW POINT RD','20300','','SWALLOW POINT','','RD',39.189,-77.1999,13),(460,'20300 BLK  SWALLOW POINT RD','20300','','SWALLOW POINT','','RD',39.189,-77.1999,13),(461,'','','','FREDERICK','','RD',0,0,2),(462,'400 BLK  THAYER PL','400','','THAYER','','PL',38.9942,-77.0094,18),(463,'400 BLK  THAYER PL','400','','THAYER','','PL',38.9942,-77.0094,18),(464,'8100 BLK  GEORGIA AVE','8100','','GEORGIA','','AVE',38.9902,-77.0271,18),(465,'1  BLK  GRAND CORNER AVE','1','','GRAND CORNER','','AVE',39.1184,-77.2003,10),(466,'1  BLK  GRAND CORNER AVE','1','','GRAND CORNER','','AVE',39.1184,-77.2003,10),(467,'10200 BLK  OLD GEORGETOWN RD','10200','','OLD GEORGETOWN','','RD',39.0229,-77.1246,1),(468,'10200 BLK  OLD GEORGETOWN RD','10200','','OLD GEORGETOWN','','RD',39.0229,-77.1246,1),(469,'8400 BLK  GEORGIA AVE','8400','','GEORGIA','','AVE',38.9935,-77.0271,18),(470,'','','','LOST KNIFE','','RD',0,0,10),(471,'11100 BLK  VEIRS MILL RD','11100','','VEIRS MILL','','RD',39.0376,-77.0519,18);
/*!40000 ALTER TABLE `location` ENABLE KEYS */;
UNLOCK TABLES;

--
-- Table structure for table `offences_in_incidents`
--

DROP TABLE IF EXISTS `offences_in_incidents`;
/*!40101 SET @saved_cs_client     = @@character_set_client */;
/*!50503 SET character_set_client = utf8mb4 */;
CREATE TABLE `offences_in_incidents` (
  `Incident_ID` int NOT NULL,
  `CR_Number` int NOT NULL,
  `Offenses_Code_ID` int NOT NULL,
  PRIMARY KEY (`Incident_ID`),
  KEY `fk_Offenses_has_Incidents_Offenses1_idx` (`Offenses_Code_ID`),
  CONSTRAINT `fk_Offenses_has_Incidents_Offenses1` FOREIGN KEY (`Offenses_Code_ID`) REFERENCES `offenses` (`Offenses_Code_ID`)
) ENGINE=InnoDB DEFAULT CHARSET=utf8mb3;
/*!40101 SET character_set_client = @saved_cs_client */;

--
-- Dumping data for table `offences_in_incidents`
--

LOCK TABLES `offences_in_incidents` WRITE;
/*!40000 ALTER TABLE `offences_in_incidents` DISABLE KEYS */;
INSERT INTO `offences_in_incidents` VALUES (201406979,230000007,1),(201406986,230000019,2),(201406987,230000009,3),(201406989,230000025,4),(201406996,230000034,5),(201406999,230000036,6),(201407001,230000035,7),(201407002,230000043,8),(201407006,230000039,9),(201407009,230000054,10),(201407011,230000044,11),(201407016,230000060,12),(201407018,230000065,13),(201407019,230000048,14),(201407020,230000037,16),(201407021,230000067,17),(201407025,230000050,18),(201407028,230000071,19),(201407030,230000073,21),(201407033,230000078,22),(201407034,230000079,23),(201407035,230000075,24),(201407043,230000088,25),(201407044,230000091,26),(201407053,230000090,27),(201407054,230000100,28),(201407055,230000103,29),(201407056,230000098,30),(201407060,230000082,31),(201407065,230000101,32),(201407066,230000095,33),(201407067,230000109,34),(201407072,230000008,35),(201407074,230000111,36),(201407078,230000121,37),(201407079,230000118,38),(201407082,230000113,39),(201407085,230000119,40),(201407086,230000127,42),(201407090,230000131,43),(201407092,230000077,44),(201407095,230000137,45),(201407097,230000138,46),(201407098,230000142,47),(201407108,230000147,48),(201407110,230000150,49),(201407111,230000141,50),(201407113,230000159,51),(201407114,230000156,52),(201407115,230000152,53),(201407118,230000058,54),(201407122,230000161,55),(201407123,230000163,56),(201407126,230000167,57),(201407129,230000165,58),(201407132,230000173,59),(201407136,230000176,60),(201407137,230000174,61),(201407150,230000199,62),(201407151,230000203,63),(201407153,230000096,64),(201407154,230000201,65),(201407157,230000209,66),(201407158,230000204,67),(201407159,230000208,68),(201407160,230000213,69),(201407161,230000210,71),(201407162,230000202,72),(201407167,230000219,73),(201407168,230000212,74),(201407171,230000216,75),(201407175,230000227,76),(201407177,230000226,77),(201407184,230000231,78),(201407188,230000225,79),(201407193,230000220,80),(201407195,230000215,81),(201407197,230000236,82),(201407198,230000242,83),(201407199,230000237,86),(201407205,230000240,87),(201407213,230000249,88),(201407215,230000253,89),(201407218,230000124,90),(201407219,230000258,91),(201407223,230000263,93),(201407226,230000272,94),(201407227,230000271,96),(201407241,230000291,97),(201407242,230000264,99),(201407247,230000297,100),(201407249,230000301,101),(201407252,230000305,103),(201407253,230000308,105),(201407256,230000283,106),(201407259,230000316,107),(201407267,230000319,108),(201407273,230000324,109),(201407274,230000320,110),(201407275,230000315,111),(201407277,230000333,112),(201407278,230000331,113),(201407279,230000334,114),(201407280,230000012,115),(201407283,230000191,116),(201407284,230000322,117),(201407286,230000330,119),(201407294,230000360,120),(201407297,230000363,121),(201407299,230000367,122),(201407300,230000373,123),(201407301,230000366,124),(201407302,230000371,125),(201407304,230000383,127),(201407305,230000385,128),(201407308,230000374,129),(201407317,230000353,130),(201407320,230000369,131),(201407328,230000418,132),(201407337,230000357,134),(201407339,230000368,135),(201407342,230000420,136),(201407344,230000411,139),(201407346,230000398,140),(201407347,230000259,141),(201407351,230000422,142),(201407352,230000435,143),(201407356,230000434,144),(201407357,230000396,145),(201407358,230000437,146),(201407361,230000438,148),(201407362,230000426,149),(201407365,230000439,152),(201407366,230000448,154),(201407368,230000257,155),(201407370,230000445,157),(201407371,230000453,158),(201407372,230000452,159),(201407373,230000449,160),(201407374,230000450,162),(201407375,230000447,163),(201407377,230000455,164),(201407379,230000458,165),(201407382,230000462,166),(201407383,230000302,167),(201407384,230000459,168),(201407385,230000463,169),(201407387,230000464,170),(201407388,230000475,171),(201407389,230000474,172),(201407392,230000469,173),(201407396,230000478,175),(201407401,230000485,176),(201407403,230000309,177),(201407405,230000492,178),(201407406,230000496,179),(201407407,230000480,180),(201407408,230000495,181),(201407409,230000481,183),(201407419,230000519,184),(201407420,230000479,185),(201407422,230000511,186),(201407423,230000518,187),(201407424,230000510,188),(201407431,230000513,189),(201407432,230000509,190),(201407435,230000532,191),(201407436,230000514,193),(201407438,230000293,194),(201407439,230000430,195),(201407449,230000443,197),(201407461,230000557,198),(201407462,230000416,199),(201407472,230000577,200),(201407474,230000580,201),(201407475,230000565,202),(201407477,230000585,203),(201407479,230000592,204),(201407480,230000589,205),(201407485,230000593,206),(201407486,230000428,207),(201407490,230000569,209),(201407493,230000387,210),(201407495,230000582,211),(201407499,230000614,212),(201407502,230000594,213),(201407508,230000606,214),(201407509,230000620,215),(201407510,230000607,216),(201407512,230000616,217),(201407513,230000549,218),(201407514,230000611,219),(201407516,230000028,220),(201407518,230000623,221),(201407524,230000627,222),(201407527,230000626,223),(201407530,230000600,224),(201407532,230000391,225),(201407534,230000581,226),(201407535,230000576,227),(201407538,230000564,228),(201407543,230000621,229),(201407544,230000632,230),(201407549,230000603,231),(201407550,230000622,232),(201407553,230000631,233),(201407556,230000646,234),(201407557,230000644,235),(201407560,230000643,236),(201407561,230000642,237),(201407568,230000655,239),(201407570,230000471,241),(201407573,230000659,242),(201407575,230000668,243),(201407577,230000542,244),(201407578,230000664,245),(201407580,230000666,246),(201407581,230000675,247),(201407582,230000663,248),(201407583,230000678,249),(201407584,230000677,250),(201407586,230000531,251),(201407589,230000402,252),(201407590,230000674,253),(201407591,230000685,254),(201407595,230000687,255),(201407597,230000661,256),(201407598,230000693,257),(201407602,230000695,258),(201407603,230000548,259),(201407605,230000539,260),(201407606,230000684,261),(201407614,230000502,262),(201407617,230000552,263),(201407618,230000725,264),(201407620,230000647,265),(201407629,230000737,266),(201407630,230000740,267),(201407632,230000739,268),(201407637,230000766,269),(201407638,230000748,270),(201407640,230000768,271),(201407645,230000772,272),(201407646,230000777,273),(201407648,230000765,275),(201407652,230000645,276),(201407655,230000793,277),(201407660,230000760,278),(201407662,230000756,279),(201407663,230000776,280),(201407664,230000810,281),(201407666,230000792,283),(201407668,230000816,284),(201407669,230000805,285),(201407672,230000788,286),(201407674,230000817,287),(201407676,230000818,288),(201407677,230000820,290),(201407678,230000825,291),(201407685,230000829,292),(201407691,230000821,293),(201407692,230000833,294),(201407698,230000830,296),(201407706,230000827,297),(201407707,230000844,298),(201407717,230000851,299),(201407718,230000781,300),(201407721,230000855,301),(201407723,230000860,302),(201407724,230000692,303),(201407728,230000866,306),(201407738,230000870,309),(201407741,230000874,310),(201407746,230000887,311),(201407749,230000857,312),(201407750,230000707,313),(201407755,230000900,314),(201407761,230000898,315),(201407764,230000907,316),(201407765,230000882,317),(201407766,230000908,318),(201407773,230000894,320),(201407781,230000919,322),(201407782,230000923,323),(201407790,230000856,324),(201407792,230000928,325),(201407796,230000892,326),(201407799,230000917,327),(201407801,230000934,328),(201407802,230000937,329),(201407808,230000945,330),(201407810,230000774,331),(201407811,230000941,332),(201407814,230000926,333),(201407816,230000968,334),(201407817,230000970,335),(201407818,230000973,336),(201407826,230000951,337),(201407829,230000954,338),(201407830,230000977,339),(201407831,230000967,340),(201407832,230000987,341),(201407834,230000991,342),(201407837,230000985,343),(201407842,230000965,345),(201407845,230000983,346),(201407847,230000997,347),(201407848,230000944,348),(201407853,230001001,350),(201407857,230000999,351),(201407863,230001009,352),(201407864,230001014,353),(201407866,230001018,354),(201407867,230001015,355),(201407869,230001023,356),(201407870,230001021,357),(201407877,230001030,358),(201407879,230001032,359),(201407883,230000914,360),(201407885,230000910,361),(201407887,230001034,362),(201407888,230000189,363),(201407889,230001036,364),(201407890,230001037,365),(201407891,230001038,366),(201407893,230001047,367),(201407896,230001053,368),(201407897,230001046,369),(201407899,230001050,370),(201407900,230001062,371),(201407901,230001060,372),(201407902,230001057,373),(201407903,230001048,374),(201407904,230001068,375),(201407905,230001052,376),(201407906,230001056,377),(201407908,230001067,379),(201407910,230001073,380),(201407913,230001071,381),(201407914,230001082,382),(201407916,230001087,384),(201407918,230001093,385),(201407922,230001095,386),(201407923,230001104,387),(201407924,230001097,388),(201407927,230001084,389),(201407928,230001083,390),(201407931,230001114,391),(201407932,230001109,392),(201407933,230001096,393),(201407938,230001108,394),(201407939,230001121,395),(201407942,230001124,396),(201407945,230001126,398),(201407947,230001119,399),(201407948,230000936,400),(201407950,230001132,401),(201407951,230000932,402),(201407954,230000819,403),(201407956,230000996,404),(201407957,230001127,405),(201407963,230001142,406),(201407964,230001139,407),(201407965,230001144,408),(201407966,230001143,409),(201407967,230001133,410),(201407968,230001146,411),(201407970,230001148,412),(201407971,230000864,413),(201407972,230001150,414),(201407973,230001135,415),(201407976,230001080,416),(201407982,230001156,417),(201407985,230001162,418),(201407988,230001165,419),(201407989,230001166,420),(201407990,230001164,421),(201407991,230001170,422),(201407995,230000276,423),(201407997,230001163,424),(201408000,230001167,425),(201408001,230001179,426),(201408002,230001175,427),(201408006,230001186,428),(201408007,230001188,429),(201408008,230001180,430),(201408009,230001189,431),(201408012,230001159,432),(201408013,230001192,433),(201408014,230001193,434),(201408017,230001199,435),(201408023,230001209,436),(201408024,230001213,437),(201408025,230001214,438),(201408027,230001219,439),(201408028,230001221,440),(201408029,230001205,441),(201408030,230001138,442),(201408031,230001200,443),(201408033,230001198,444),(201408034,230001141,445),(201408037,230001228,446),(201408038,230001230,447),(201408039,230001215,448),(201408043,230001217,449),(201408045,230001216,450),(201408047,230001206,451),(201408051,230001246,453),(201408053,230001092,455),(201408055,230001248,456),(201408056,230001155,457),(201408057,230001236,458),(201408062,230001250,461),(201408069,230000027,462),(201408103,230001066,464),(201408110,230001223,465),(201408147,230001244,467),(201408149,230000838,469),(201408164,230001111,470),(201408196,230001210,471);
/*!40000 ALTER TABLE `offences_in_incidents` ENABLE KEYS */;
UNLOCK TABLES;

--
-- Table structure for table `offenses`
--

DROP TABLE IF EXISTS `offenses`;
/*!40101 SET @saved_cs_client     = @@character_set_client */;
/*!50503 SET character_set_client = utf8mb4 */;
CREATE TABLE `offenses` (
  `Offenses_Code_ID` int NOT NULL,
  `Offence_Code` int DEFAULT NULL,
  `NIBRS_Code` varchar(4) DEFAULT NULL,
  `Crime_Name_1_ID` int NOT NULL,
  `Crime_Name_2_ID` int NOT NULL,
  `Crime_Name_3_ID` int NOT NULL,
  PRIMARY KEY (`Offenses_Code_ID`),
  KEY `fk_Offenses_Crime1_idx` (`Crime_Name_1_ID`),
  KEY `fk_Offenses_Crime 21_idx` (`Crime_Name_2_ID`),
  KEY `fk_Offenses_Crime 31_idx` (`Crime_Name_3_ID`),
  CONSTRAINT `fk_Offenses_Crime 21` FOREIGN KEY (`Crime_Name_2_ID`) REFERENCES `crime_2` (`Crime_Name_2_ID`),
  CONSTRAINT `fk_Offenses_Crime 31` FOREIGN KEY (`Crime_Name_3_ID`) REFERENCES `crime_3` (`Crime_Name_3_ID`),
  CONSTRAINT `fk_Offenses_Crime1` FOREIGN KEY (`Crime_Name_1_ID`) REFERENCES `crime` (`Crime_Name_1_ID`)
) ENGINE=InnoDB DEFAULT CHARSET=utf8mb3;
/*!40101 SET character_set_client = @saved_cs_client */;

--
-- Dumping data for table `offenses`
--

LOCK TABLES `offenses` WRITE;
/*!40000 ALTER TABLE `offenses` DISABLE KEYS */;
INSERT INTO `offenses` VALUES (1,1399,'13B',2,26,3),(2,1399,'13B',2,26,3),(3,1399,'13B',2,26,3),(4,1301,'13A',2,2,4),(5,2204,'220',3,5,15),(6,2404,'240',3,21,11),(7,1399,'13B',2,26,3),(8,3512,'35A',4,12,24),(9,5404,'90D',4,10,21),(10,2399,'23H',3,3,51),(11,1399,'13B',2,26,3),(12,2304,'23G',3,30,42),(13,1399,'13B',2,26,3),(14,1399,'13B',2,26,3),(16,5404,'90D',4,10,21),(17,2303,'23C',3,25,50),(18,5016,'90Z',4,4,54),(19,2304,'23G',3,30,42),(21,5213,'520',4,32,73),(22,1399,'13B',2,26,3),(23,2699,'26A',3,14,39),(24,1212,'120',3,24,62),(25,1313,'13B',2,26,10),(26,2308,'23D',3,28,44),(27,1314,'13A',2,2,6),(28,1314,'13A',2,2,6),(29,2305,'23F',3,29,43),(30,2302,'23B',3,23,49),(31,2303,'23C',3,25,50),(32,5213,'520',4,32,73),(33,1399,'13B',2,26,3),(34,5309,'90Z',4,4,59),(35,1399,'13B',2,26,3),(36,1315,'13A',2,2,9),(37,2902,'290',3,8,18),(38,1399,'13B',2,26,3),(39,2303,'23C',3,25,50),(40,5404,'90D',4,10,21),(41,3532,'35A',4,12,23),(42,1399,'13B',2,26,3),(43,2404,'240',3,21,11),(44,1399,'13B',2,26,3),(45,2404,'240',3,21,11),(46,2305,'23F',3,29,43),(47,2305,'23F',3,29,43),(48,2304,'23G',3,30,42),(49,2404,'240',3,21,11),(50,2305,'23F',3,29,43),(51,2303,'23C',3,25,50),(52,2305,'23F',3,29,43),(53,2902,'290',3,8,18),(54,2610,'26F',3,18,41),(55,2404,'240',3,21,11),(56,2303,'23C',3,25,50),(57,2305,'23F',3,29,43),(58,2399,'23H',3,3,51),(59,2902,'290',3,8,18),(60,2303,'23C',3,25,50),(61,2303,'23C',3,25,50),(62,2604,'26C',3,19,37),(63,2404,'240',3,21,11),(64,2204,'220',3,5,15),(65,2305,'23F',3,29,43),(66,2303,'23C',3,25,50),(67,1399,'13B',2,26,3),(68,2404,'240',3,21,11),(69,2305,'23F',3,7,36),(70,2605,'26B',3,29,43),(71,1399,'13B',2,26,3),(72,2404,'240',3,21,11),(73,1399,'13B',2,26,3),(74,1399,'13B',2,26,3),(75,2303,'23C',3,25,50),(76,2305,'23F',3,29,43),(77,2204,'220',3,5,15),(78,2301,'23A',3,22,47),(79,1213,'120',3,24,63),(80,1399,'13B',2,26,3),(81,2308,'23D',3,28,44),(82,1103,'11A',2,16,61),(83,2804,'280',4,12,24),(84,3512,'35A',4,11,27),(85,3550,'35B',3,27,68),(86,1103,'11A',2,16,61),(87,1399,'13B',2,26,3),(88,1399,'13B',2,26,3),(89,5404,'90D',4,10,21),(90,2902,'290',3,8,18),(91,2308,'23D',3,7,36),(92,2605,'26B',3,28,44),(93,2404,'240',3,21,11),(94,2305,'23F',3,8,18),(95,2902,'290',3,29,43),(96,2902,'290',3,8,18),(97,2305,'23F',3,21,11),(98,2404,'240',3,29,43),(99,2308,'23D',3,28,44),(100,1399,'13B',2,26,3),(101,2404,'240',3,21,11),(102,2305,'23F',3,29,43),(103,2305,'23F',3,8,18),(104,2902,'290',3,29,43),(105,2901,'290',3,8,17),(106,5311,'90C',4,9,58),(107,2304,'23G',3,30,42),(108,2901,'290',3,8,17),(109,1213,'120',3,24,63),(110,1399,'13B',2,26,3),(111,2305,'23F',3,29,43),(112,2399,'23H',3,3,51),(113,2305,'23F',3,29,43),(114,2305,'23F',3,29,43),(115,5404,'90D',4,10,21),(116,2303,'23C',3,25,50),(117,1399,'13B',2,26,3),(118,5707,'90J',4,31,70),(119,2303,'23C',3,25,50),(120,2404,'240',3,21,11),(121,2305,'23F',3,29,43),(122,2305,'23F',3,29,43),(123,2399,'23H',3,3,51),(124,3562,'35A',4,12,25),(125,1305,'13A',2,26,3),(127,2308,'23D',3,28,44),(128,2304,'23G',3,30,42),(129,2303,'23C',3,25,50),(130,1199,'11D',2,15,67),(131,2610,'26F',3,18,41),(132,2304,'23G',3,30,42),(134,2902,'290',3,8,18),(135,3562,'35A',4,12,25),(136,1303,'13A',4,4,2),(137,2999,'290',2,2,5),(138,9099,'90Z',3,8,19),(139,3562,'35A',4,12,25),(140,2203,'220',3,5,12),(141,1303,'13A',2,2,5),(142,9099,'90Z',4,4,2),(143,1199,'11D',2,15,67),(144,2399,'23H',3,3,51),(145,2404,'240',3,21,11),(146,1207,'120',3,3,51),(147,2399,'23H',3,24,64),(148,1399,'13B',2,26,3),(149,1206,'120',3,3,51),(150,2399,'23H',3,24,65),(152,2202,'220',3,5,13),(153,2902,'290',3,8,18),(154,1399,'13B',2,26,3),(155,2999,'290',3,8,19),(156,2304,'23G',3,30,42),(157,5404,'90D',4,10,21),(158,2199,'210',3,13,33),(159,2205,'220',3,5,14),(160,1399,'13B',2,26,3),(161,2399,'23H',3,3,51),(162,3542,'35A',4,12,30),(163,2204,'220',3,5,15),(164,2999,'290',3,8,19),(165,2404,'240',3,21,11),(166,2305,'23F',3,29,43),(167,2202,'220',3,5,13),(168,2404,'240',3,21,11),(169,2304,'23G',3,30,42),(170,2305,'23F',3,29,43),(171,2305,'23F',3,29,43),(172,2404,'240',3,21,11),(173,2305,'23F',3,8,18),(174,2902,'290',3,29,43),(175,2304,'23G',3,30,42),(176,2399,'23H',3,3,51),(177,1399,'13B',2,26,3),(178,2305,'23F',3,29,43),(179,2304,'23G',3,30,42),(180,5212,'520',4,32,74),(181,2605,'26B',3,7,36),(182,2305,'23F',3,29,43),(183,5212,'520',4,32,74),(184,2404,'240',3,21,11),(185,2203,'220',3,5,12),(186,2304,'23G',3,30,42),(187,2303,'23C',3,25,50),(188,5212,'520',4,32,74),(189,1399,'13B',2,26,3),(190,5212,'520',4,32,74),(191,1399,'13B',2,26,3),(192,3562,'35A',4,12,25),(193,2202,'220',3,5,13),(194,2308,'23D',3,28,44),(195,3562,'35A',4,12,22),(196,3572,'35A',4,12,25),(197,3562,'35A',4,12,25),(198,5707,'90J',4,31,70),(199,3560,'35A',4,12,26),(200,2304,'23G',3,30,42),(201,2305,'23F',3,29,43),(202,2202,'220',3,5,13),(203,2305,'23F',3,29,43),(204,2902,'290',3,8,18),(205,2304,'23G',3,30,42),(206,2303,'23C',3,25,50),(207,3522,'35A',4,12,28),(208,5202,'520',4,32,72),(209,3512,'35A',4,12,24),(210,4104,'90G',4,20,52),(211,3512,'35A',4,12,24),(212,2901,'290',3,8,17),(213,1399,'13B',2,26,3),(214,2399,'23H',3,3,51),(215,1399,'13B',2,26,3),(216,1399,'13B',2,26,3),(217,2104,'210',3,13,31),(218,2399,'23H',3,3,51),(219,2610,'26F',3,18,41),(220,5404,'90D',4,10,21),(221,2902,'290',3,8,18),(222,2308,'23D',3,28,44),(223,1212,'120',3,24,62),(224,2308,'23D',3,28,44),(225,1399,'13B',2,26,3),(226,2308,'23D',3,28,44),(227,5311,'90C',4,9,58),(228,1216,'120',3,24,66),(229,2204,'220',3,5,15),(230,3562,'35A',4,12,25),(231,3562,'35A',4,12,25),(232,2299,'220',3,5,16),(233,2305,'23F',3,29,43),(234,1212,'120',3,24,62),(235,3550,'35B',4,11,27),(236,1103,'11A',2,16,61),(237,5213,'520',4,32,73),(239,2305,'23F',3,21,11),(240,2404,'240',3,29,43),(241,2203,'220',3,5,12),(242,2404,'240',3,21,11),(243,1399,'13B',2,26,3),(244,2303,'23C',3,25,50),(245,2204,'220',3,5,15),(246,1399,'13B',2,26,3),(247,2304,'23G',3,30,42),(248,2204,'220',3,5,15),(249,2305,'23F',3,29,43),(250,2305,'23F',3,29,43),(251,2999,'290',3,8,19),(252,2303,'23C',3,25,50),(253,1399,'13B',2,26,3),(254,2399,'23H',3,3,51),(255,2404,'240',3,21,11),(256,2303,'23C',3,25,50),(257,2601,'26A',3,14,35),(258,2303,'23C',3,25,50),(259,2303,'23C',3,25,50),(260,2203,'220',3,5,12),(261,2902,'290',3,8,18),(262,3560,'35A',4,12,26),(263,2610,'26F',3,18,41),(264,2305,'23F',3,29,43),(265,5212,'520',4,32,74),(266,2303,'23C',3,25,50),(267,2305,'23F',3,29,43),(268,2605,'26B',3,7,36),(269,2399,'23H',3,3,51),(270,2404,'240',3,21,11),(271,2304,'23G',3,30,42),(272,1399,'13B',2,26,3),(273,1399,'13B',2,26,3),(274,2303,'23C',3,25,50),(275,1399,'13B',2,26,3),(276,5404,'90D',4,10,21),(277,2901,'290',3,8,17),(278,2302,'23B',3,23,49),(279,3562,'35A',4,12,25),(280,1399,'13B',2,26,3),(281,2305,'23F',3,8,18),(282,2902,'290',3,29,43),(283,2205,'220',3,5,14),(284,2305,'23F',3,29,43),(285,2305,'23F',3,29,43),(286,2205,'220',3,5,14),(287,2404,'240',3,21,11),(288,2305,'23F',3,8,18),(289,2902,'290',3,29,43),(290,2303,'23C',3,25,50),(291,2308,'23D',3,28,44),(292,2902,'290',3,8,18),(293,3562,'35A',4,12,25),(294,1313,'13B',2,26,10),(295,2303,'23C',3,25,50),(296,5311,'90C',4,9,58),(297,1314,'13A',2,2,6),(298,2305,'23F',3,29,43),(299,2404,'240',3,21,11),(300,5299,'520',4,32,75),(301,2404,'240',3,21,11),(302,2305,'23F',3,29,43),(303,3522,'35A',4,4,2),(304,9099,'90Z',4,12,25),(305,3562,'35A',4,12,28),(306,2305,'23F',3,8,18),(307,2902,'290',3,29,43),(309,1399,'13B',2,26,3),(310,2303,'23C',3,25,50),(311,2305,'23F',3,29,43),(312,2204,'220',3,5,15),(313,4104,'90G',4,20,52),(314,2605,'26B',3,7,36),(315,2305,'23F',3,29,43),(316,2305,'23F',3,29,43),(317,2305,'23F',3,29,43),(318,2501,'250',3,6,34),(319,2316,'23H',3,3,48),(320,9099,'90Z',4,4,2),(322,2302,'23B',3,23,49),(323,2399,'23H',3,3,51),(324,2101,'210',3,13,32),(325,2303,'23C',3,25,50),(326,2901,'290',3,8,17),(327,4104,'90G',4,20,52),(328,1313,'13B',2,26,10),(329,2303,'23C',3,25,50),(330,2304,'23G',3,30,42),(331,5707,'90J',4,31,70),(332,2303,'23C',3,25,50),(333,4104,'90G',4,20,52),(334,2610,'26F',3,18,41),(335,1399,'13B',2,26,3),(336,2305,'23F',3,29,43),(337,5212,'520',4,32,74),(338,2608,'26E',3,33,40),(339,5309,'90Z',4,4,59),(340,2305,'23F',3,29,43),(341,2999,'290',3,8,19),(342,2308,'23D',3,28,44),(343,4801,'90Z',4,4,56),(345,1103,'11A',2,16,61),(346,2303,'23C',3,25,50),(347,2304,'23G',3,30,42),(348,3522,'35A',4,12,28),(350,2404,'240',3,21,11),(351,2305,'23F',3,29,43),(352,1399,'13B',2,26,3),(353,1399,'13B',2,26,3),(354,1313,'13B',2,26,10),(355,2305,'23F',3,29,43),(356,2307,'23E',3,17,45),(357,5404,'90D',4,10,21),(358,2404,'240',3,21,11),(359,2404,'240',3,21,11),(360,2305,'23F',3,29,43),(361,2399,'23H',3,3,51),(362,2404,'240',3,21,11),(363,2303,'23C',3,25,50),(364,2902,'290',3,8,18),(365,2404,'240',3,21,11),(366,1399,'13B',2,26,3),(367,2602,'26A',3,14,38),(368,2404,'240',3,21,11),(369,2305,'23F',3,29,43),(370,2305,'23F',3,29,43),(371,2404,'240',3,21,11),(372,2202,'220',3,5,13),(373,2399,'23H',3,3,51),(374,2308,'23D',3,28,44),(375,2404,'240',3,21,11),(376,2308,'23D',3,28,44),(377,4803,'90Z',4,4,55),(378,5309,'90Z',4,4,59),(379,1399,'13B',2,26,3),(380,2308,'23D',3,28,44),(381,1399,'13B',2,26,3),(382,2308,'23D',3,7,36),(383,2605,'26B',3,28,44),(384,1399,'13B',2,26,3),(385,5707,'90J',4,31,70),(386,5016,'90Z',4,4,54),(387,2303,'23C',3,25,50),(388,1399,'13B',2,26,3),(389,2303,'23C',3,25,50),(390,2299,'220',3,5,16),(391,2304,'23G',3,30,42),(392,1399,'13B',2,26,3),(393,1399,'13B',2,26,3),(394,1399,'13B',2,26,3),(395,2308,'23D',3,28,44),(396,2308,'23D',3,21,11),(397,2404,'240',3,28,44),(398,2303,'23C',3,25,50),(399,2305,'23F',3,29,43),(400,2304,'23G',3,30,42),(401,2303,'23C',3,25,50),(402,2610,'26F',3,18,41),(403,2610,'26F',3,18,41),(404,1399,'13B',2,26,3),(405,2203,'220',3,5,12),(406,2204,'220',3,5,15),(407,5404,'90D',4,10,21),(408,1399,'13B',2,26,3),(409,1313,'13B',2,26,10),(410,5403,'90D',4,10,20),(411,5404,'90D',4,10,21),(412,2202,'220',3,5,13),(413,1199,'11D',2,15,67),(414,2404,'240',3,21,11),(415,2202,'220',3,5,13),(416,1399,'13B',2,26,3),(417,2404,'240',3,21,11),(418,2305,'23F',3,29,43),(419,1399,'13B',2,26,3),(420,2605,'26B',3,7,36),(421,2404,'240',3,21,11),(422,2305,'23F',3,29,43),(423,2305,'23F',3,29,43),(424,2399,'23H',3,3,51),(425,2305,'23F',3,29,43),(426,2404,'240',3,21,11),(427,2404,'240',3,21,11),(428,2610,'26F',3,18,41),(429,2101,'210',3,13,32),(430,2303,'23C',3,25,50),(431,2610,'26F',3,18,41),(432,2404,'240',3,21,11),(433,2304,'23G',3,30,42),(434,1602,'90Z',4,4,69),(435,2999,'290',3,8,19),(436,2305,'23F',3,29,43),(437,2399,'23H',3,3,51),(438,5016,'90Z',4,4,54),(439,2305,'23F',3,29,43),(440,2902,'290',3,8,18),(441,2303,'23C',3,25,50),(442,4199,'90G',4,20,53),(443,1303,'13A',2,2,5),(444,2305,'23F',3,29,43),(445,1399,'13B',2,26,3),(446,1399,'13B',2,26,3),(447,1306,'13A',2,2,8),(448,5318,'90Z',1,1,1),(449,1399,'13B',2,26,3),(450,2303,'23C',3,25,50),(451,2902,'290',3,8,18),(452,2399,'23H',3,3,51),(453,2902,'290',3,8,18),(454,2305,'23F',3,29,43),(455,2399,'23H',3,3,51),(456,9099,'90Z',4,4,2),(457,5404,'90D',4,10,21),(458,1399,'13B',2,26,3),(459,4801,'90Z',4,4,56),(460,4899,'90Z',4,4,57),(461,5399,'90C',4,9,60),(462,2308,'23D',3,28,44),(463,2309,'23H',3,3,46),(464,5404,'90D',4,10,21),(465,2303,'23C',3,8,17),(466,2901,'290',3,25,50),(467,2605,'26B',3,7,36),(468,2308,'23D',3,28,44),(469,1399,'13B',2,26,3),(470,1399,'13B',2,26,3),(471,2303,'23C',3,25,50);
/*!40000 ALTER TABLE `offenses` ENABLE KEYS */;
UNLOCK TABLES;

--
-- Table structure for table `police_information`
--

DROP TABLE IF EXISTS `police_information`;
/*!40101 SET @saved_cs_client     = @@character_set_client */;
/*!50503 SET character_set_client = utf8mb4 */;
CREATE TABLE `police_information` (
  `Police_District_Number_ID` int NOT NULL,
  `Police_District_Number` varchar(45) NOT NULL,
  `Police_District_Name` varchar(45) DEFAULT NULL,
  `Agency` varchar(4) NOT NULL,
  `Sector` char(1) DEFAULT NULL,
  `Beat` varchar(45) DEFAULT NULL,
  `PRA` int DEFAULT NULL,
  PRIMARY KEY (`Police_District_Number_ID`)
) ENGINE=InnoDB DEFAULT CHARSET=utf8mb3;
/*!40101 SET character_set_client = @saved_cs_client */;

--
-- Dumping data for table `police_information`
--

LOCK TABLES `police_information` WRITE;
/*!40000 ALTER TABLE `police_information` DISABLE KEYS */;
INSERT INTO `police_information` VALUES (1,'1D','ROCKVILLE','MCPD','A','1A1',265),(2,'1D','ROCKVILLE','MCPD','A','1A4',438),(3,'5D','GERMANTOWN','MCPD','N','5N2',594),(4,'5D','GERMANTOWN','MCPD','N','5N1',465),(5,'3D','SILVER SPRING','MCPD','G','3G1',667),(6,'6D','MONTGOMERY VILLAGE','MCPD','P','6P1',429),(7,'1D','ROCKVILLE','MCPD','B','1B1',237),(8,'6D','MONTGOMERY VILLAGE','MCPD','P','6P1',721),(9,'4D','WHEATON','MCPD','J','4J2',393),(10,'5D','GERMANTOWN','MCPD','M','5M1',701),(11,'4D','WHEATON','MCPD','L','4L2',355),(12,'5D','GERMANTOWN','MCPD','M','5M1',469),(13,'5D','GERMANTOWN','MCPD','N','5N1',702),(14,'3D','SILVER SPRING','MCPD','I','3I2',380),(15,'3D','SILVER SPRING','MCPD','I','3I2',380),(16,'2D','BETHESDA','MCPD','D','2D1',85),(17,'5D','GERMANTOWN','MCPD','M','5M1',471),(18,'5D','GERMANTOWN','MCPD','N','5N1',447),(19,'5D','GERMANTOWN','MCPD','N','5N1',465),(20,'2D','BETHESDA','MCPD','D','2D4',191),(21,'4D','WHEATON','MCPD','K','4K1',350),(22,'4D','WHEATON','MCPD','L','4L2',321),(23,'2D','BETHESDA','MCPD','D','2D2',49),(24,'3D','SILVER SPRING','MCPD','H','3H2',141),(25,'4D','WHEATON','MCPD','L','4L2',321),(26,'6D','MONTGOMERY VILLAGE','MCPD','P','6P2',450),(27,'3D','SILVER SPRING','MCPD','H','3H2',137),(28,'2D','BETHESDA','MCPD','D','2D1',517),(29,'2D','BETHESDA','MCPD','E','2.00E+03',197),(30,'3D','SILVER SPRING','MCPD','G','3G1',671),(31,'2D','BETHESDA','MCPD','D','2D1',772),(33,'5D','GERMANTOWN','MCPD','N','5N1',702),(34,'5D','GERMANTOWN','MCPD','M','5M1',472),(35,'3D','SILVER SPRING','MCPD','H','3H1',134),(36,'4D','WHEATON','MCPD','K','4K2',335),(37,'5D','GERMANTOWN','MCPD','N','5N1',702),(38,'5D','GERMANTOWN','MCPD','N','5N1',595),(39,'2D','BETHESDA','MCPD','D','2D2',45),(40,'2D','BETHESDA','MCPD','E','2.00E+02',59),(41,'2D','BETHESDA','MCPD','E','2.00E+02',59),(42,'3D','SILVER SPRING','MCPD','I','3I2',383),(43,'3D','SILVER SPRING','MCPD','G','3G1',93),(44,'5D','GERMANTOWN','MCPD','N','5N2',448),(45,'3D','SILVER SPRING','MCPD','G','3G1',94),(46,'5D','GERMANTOWN','MCPD','N','5N1',702),(47,'3D','SILVER SPRING','MCPD','I','3I1',149),(48,'6D','MONTGOMERY VILLAGE','MCPD','P','6P3',754),(49,'4D','WHEATON','MCPD','L','4L1',361),(50,'5D','GERMANTOWN','MCPD','N','5N1',702),(51,'3D','SILVER SPRING','MCPD','G','3G1',670),(52,'4D','WHEATON','MCPD','K','4K1',532),(53,'4D','WHEATON','MCPD','L','4L1',330),(54,'2D','BETHESDA','MCPD','D','2D2',49),(55,'4D','WHEATON','MCPD','L','4L1',360),(56,'3D','SILVER SPRING','MCPD','G','3G1',671),(57,'2D','BETHESDA','MCPD','D','2D1',10),(58,'2D','BETHESDA','MCPD','D','2D2',33),(59,'3D','SILVER SPRING','MCPD','H','3H2',655),(60,'5D','GERMANTOWN','MCPD','M','5M1',701),(61,'2D','BETHESDA','MCPD','D','2D2',33),(62,'3D','SILVER SPRING','MCPD','I','3I1',151),(63,'3D','SILVER SPRING','MCPD','I','3I1',518),(64,'3D','SILVER SPRING','MCPD','G','3G1',95),(65,'3D','SILVER SPRING','MCPD','G','3G1',94),(66,'2D','BETHESDA','MCPD','D','2D4',188),(67,'5D','GERMANTOWN','MCPD','M','5M1',470),(68,'6D','MONTGOMERY VILLAGE','MCPD','P','6P2',554),(69,'2D','BETHESDA','MCPD','E','2.00E+01',19),(70,'2D','BETHESDA','MCPD','E','2.00E+01',19),(71,'5D','GERMANTOWN','MCPD','N','5N1',447),(72,'4D','WHEATON','MCPD','K','4K2',340),(73,'3D','SILVER SPRING','MCPD','I','3I2',383),(74,'2D','BETHESDA','MCPD','D','2D2',49),(75,'5D','GERMANTOWN','MCPD','M','5M1',701),(76,'6D','MONTGOMERY VILLAGE','MCPD','R','6R3',665),(77,'6D','MONTGOMERY VILLAGE','MCPD','R','6R1',766),(78,'4D','WHEATON','MCPD','K','4K2',337),(79,'3D','SILVER SPRING','MCPD','I','3I1',145),(80,'5D','GERMANTOWN','MCPD','N','5N2',596),(81,'3D','SILVER SPRING','MCPD','G','3G1',109),(82,'4D','WHEATON','MCPD','L','4L2',325),(83,'3D','SILVER SPRING','MCPD','I','3I1',148),(84,'3D','SILVER SPRING','MCPD','I','3I1',148),(85,'3D','SILVER SPRING','MCPD','I','3I1',148),(86,'3D','SILVER SPRING','MCPD','G','3G1',671),(87,'5D','GERMANTOWN','MCPD','N','5N2',464),(88,'4D','WHEATON','MCPD','K','4K1',350),(89,'6D','MONTGOMERY VILLAGE','MCPD','P','6P3',775),(90,'4D','WHEATON','MCPD','K','4K2',307),(91,'1D','ROCKVILLE','MCPD','A','1A3',277),(92,'1D','ROCKVILLE','MCPD','A','1A3',277),(93,'3D','SILVER SPRING','MCPD','I','3I1',518),(94,'4D','WHEATON','MCPD','K','4K1',532),(95,'4D','WHEATON','MCPD','K','4K1',532),(96,'2D','BETHESDA','MCPD','E','2.00E+02',59),(97,'2D','BETHESDA','MCPD','E','2.00E+01',1),(98,'2D','BETHESDA','MCPD','E','2.00E+01',1),(99,'1D','ROCKVILLE','MCPD','A','1A3',749),(100,'3D','SILVER SPRING','MCPD','G','3G1',671),(101,'3D','SILVER SPRING','MCPD','I','3I2',380),(102,'3D','SILVER SPRING','MCPD','I','3I2',380),(103,'3D','SILVER SPRING','MCPD','G','3G1',669),(104,'3D','SILVER SPRING','MCPD','G','3G1',669),(105,'3D','SILVER SPRING','MCPD','H','3H1',126),(106,'5D','GERMANTOWN','MCPD','N','5N1',465),(107,'2D','BETHESDA','MCPD','D','2D1',85),(108,'3D','SILVER SPRING','MCPD','I','3I1',145),(109,'4D','WHEATON','MCPD','K','4K1',534),(110,'4D','WHEATON','MCPD','L','4L2',355),(111,'4D','WHEATON','MCPD','K','4K2',335),(112,'2D','BETHESDA','MCPD','E','2.00E+01',25),(113,'2D','BETHESDA','MCPD','E','2.00E+04',218),(114,'6D','MONTGOMERY VILLAGE','MCPD','P','6P2',554),(115,'6D','MONTGOMERY VILLAGE','MCPD','P','6P2',660),(116,'6D','MONTGOMERY VILLAGE','MCPD','P','6P3',437),(117,'3D','SILVER SPRING','MCPD','G','3G1',670),(118,'3D','SILVER SPRING','MCPD','G','3G1',670),(119,'5D','GERMANTOWN','MCPD','N','5N3',466),(120,'5D','GERMANTOWN','MCPD','N','5N1',447),(121,'2D','BETHESDA','MCPD','E','2.00E+01',516),(122,'2D','BETHESDA','MCPD','E','2.00E+01',516),(123,'2D','BETHESDA','MCPD','E','2.00E+02',71),(124,'3D','SILVER SPRING','MCPD','G','3G1',90),(125,'6D','MONTGOMERY VILLAGE','MCPD','R','6R1',766),(126,'6D','MONTGOMERY VILLAGE','MCPD','R','6R1',766),(127,'2D','BETHESDA','MCPD','D','2D2',33),(128,'5D','GERMANTOWN','MCPD','N','5N1',702),(129,'5D','GERMANTOWN','MCPD','M','5M1',701),(130,'6D','MONTGOMERY VILLAGE','MCPD','R','6R3',420),(131,'5D','GERMANTOWN','MCPD','M','5M1',625),(132,'6D','MONTGOMERY VILLAGE','MCPD','P','6P3',419),(133,'6D','MONTGOMERY VILLAGE','MCPD','R','6R3',421),(134,'1D','ROCKVILLE','MCPD','A','1A3',242),(135,'3D','SILVER SPRING','MCPD','G','3G1',90),(136,'5D','GERMANTOWN','MCPD','N','5N1',465),(137,'5D','GERMANTOWN','MCPD','N','5N1',465),(138,'5D','GERMANTOWN','MCPD','N','5N1',465),(139,'3D','SILVER SPRING','MCPD','G','3G1',94),(140,'2D','BETHESDA','MCPD','D','2D1',85),(141,'5D','GERMANTOWN','MCPD','N','5N1',465),(142,'5D','GERMANTOWN','MCPD','N','5N1',702),(143,'3D','SILVER SPRING','MCPD','G','3G1',90),(144,'6D','MONTGOMERY VILLAGE','MCPD','P','6P2',591),(145,'3D','SILVER SPRING','MCPD','G','3G1',89),(146,'5D','GERMANTOWN','MCPD','M','5M1',625),(147,'5D','GERMANTOWN','MCPD','M','5M1',625),(148,'3D','SILVER SPRING','MCPD','H','3H2',136),(149,'3D','SILVER SPRING','MCPD','I','3I1',518),(150,'3D','SILVER SPRING','MCPD','I','3I1',518),(151,'6D','MONTGOMERY VILLAGE','MCPD','R','6R2',504),(152,'3D','SILVER SPRING','MCPD','I','3I2',380),(153,'3D','SILVER SPRING','MCPD','I','3I2',380),(154,'3D','SILVER SPRING','MCPD','G','3G1',108),(155,'3D','SILVER SPRING','MCPD','G','3G1',90),(156,'3D','SILVER SPRING','MCPD','G','3G1',90),(157,'4D','WHEATON','MCPD','K','4K2',335),(158,'1D','ROCKVILLE','MCPD','B','1B3',497),(159,'3D','SILVER SPRING','MCPD','I','3I2',383),(160,'6D','MONTGOMERY VILLAGE','MCPD','R','6R2',544),(161,'6D','MONTGOMERY VILLAGE','MCPD','R','6R2',544),(162,'6D','MONTGOMERY VILLAGE','MCPD','R','6R2',546),(163,'3D','SILVER SPRING','MCPD','I','3I2',380),(164,'4D','WHEATON','MCPD','K','4K2',343),(165,'2D','BETHESDA','MCPD','D','2D4',185),(166,'1D','ROCKVILLE','MCPD','B','1B1',730),(167,'3D','SILVER SPRING','MCPD','I','3I2',384),(168,'5D','GERMANTOWN','MCPD','N','5N1',447),(169,'2D','BETHESDA','MCPD','D','2D3',182),(170,'3D','SILVER SPRING','MCPD','H','3H1',127),(171,'5D','GERMANTOWN','MCPD','M','5M1',701),(172,'3D','SILVER SPRING','MCPD','H','3H2',137),(173,'4D','WHEATON','MCPD','K','4K2',343),(174,'4D','WHEATON','MCPD','K','4K2',343),(175,'5D','GERMANTOWN','MCPD','N','5N2',594),(176,'6D','MONTGOMERY VILLAGE','MCPD','R','6R3',421),(177,'2D','BETHESDA','MCPD','E','2.00E+03',197),(178,'2D','BETHESDA','MCPD','D','2D1',85),(179,'4D','WHEATON','MCPD','K','4K1',348),(180,'4D','WHEATON','MCPD','L','4L2',318),(181,'2D','BETHESDA','MCPD','D','2D1',38),(182,'2D','BETHESDA','MCPD','D','2D1',38),(183,'4D','WHEATON','MCPD','L','4L2',318),(184,'1D','ROCKVILLE','MCPD','A','1A3',242),(185,'4D','WHEATON','MCPD','J','4J2',405),(186,'6D','MONTGOMERY VILLAGE','MCPD','R','6R3',421),(187,'4D','WHEATON','MCPD','L','4L2',321),(188,'4D','WHEATON','MCPD','L','4L2',318),(189,'6D','MONTGOMERY VILLAGE','MCPD','P','6P1',721),(190,'2D','BETHESDA','MCPD','D','2D2',46),(191,'3D','SILVER SPRING','MCPD','H','3H1',134),(192,'3D','SILVER SPRING','MCPD','H','3H1',134),(193,'4D','WHEATON','MCPD','J','4J2',540),(194,'3D','SILVER SPRING','MCPD','I','3I1',518),(195,'3D','SILVER SPRING','MCPD','G','3G1',109),(196,'3D','SILVER SPRING','MCPD','G','3G1',109),(197,'5D','GERMANTOWN','MCPD','M','5M2',615),(198,'4D','WHEATON','MCPD','J','4J1',536),(199,'3D','SILVER SPRING','MCPD','G','3G1',95),(200,'4D','WHEATON','MCPD','L','4L1',310),(201,'4D','WHEATON','MCPD','J','4J2',539),(202,'3D','SILVER SPRING','MCPD','I','3I1',149),(203,'3D','SILVER SPRING','MCPD','G','3G1',94),(204,'5D','GERMANTOWN','MCPD','M','5M3',474),(205,'1D','ROCKVILLE','MCPD','A','1A2',303),(206,'5D','GERMANTOWN','MCPD','M','5M1',701),(207,'3D','SILVER SPRING','MCPD','H','3H2',137),(208,'3D','SILVER SPRING','MCPD','H','3H2',137),(209,'5D','GERMANTOWN','MCPD','N','5N2',596),(210,'4D','WHEATON','MCPD','K','4K2',525),(211,'5D','GERMANTOWN','MCPD','N','5N1',465),(212,'1D','ROCKVILLE','MCPD','A','1A1',260),(213,'6D','MONTGOMERY VILLAGE','MCPD','P','6P1',721),(214,'3D','SILVER SPRING','MCPD','G','3G1',109),(215,'5D','GERMANTOWN','MCPD','N','5N2',448),(216,'4D','WHEATON','MCPD','J','4J1',375),(217,'5D','GERMANTOWN','MCPD','N','5N1',702),(218,'6D','MONTGOMERY VILLAGE','MCPD','R','6R3',420),(219,'6D','MONTGOMERY VILLAGE','MCPD','R','6R3',420),(220,'4D','WHEATON','MCPD','L','4L1',329),(221,'3D','SILVER SPRING','MCPD','H','3H1',132),(222,'2D','BETHESDA','MCPD','E','2.00E+03',197),(223,'3D','SILVER SPRING','MCPD','I','3I1',146),(224,'2D','BETHESDA','MCPD','D','2D3',181),(225,'5D','GERMANTOWN','MCPD','M','5M1',469),(226,'3D','SILVER SPRING','MCPD','G','3G1',94),(227,'3D','SILVER SPRING','MCPD','G','3G1',109),(228,'4D','WHEATON','MCPD','J','4J1',368),(229,'6D','MONTGOMERY VILLAGE','MCPD','R','6R1',505),(230,'5D','GERMANTOWN','MCPD','N','5N1',702),(231,'3D','SILVER SPRING','MCPD','G','3G1',94),(232,'3D','SILVER SPRING','MCPD','G','3G1',90),(233,'2D','BETHESDA','MCPD','D','2D4',189),(234,'2D','BETHESDA','MCPD','D','2D2',34),(235,'5D','GERMANTOWN','MCPD','N','5N1',447),(236,'4D','WHEATON','MCPD','K','4K2',339),(237,'6D','MONTGOMERY VILLAGE','MCPD','R','6R2',504),(238,'4D','WHEATON','MCPD','K','4K1',534),(239,'6D','MONTGOMERY VILLAGE','MCPD','P','6P1',442),(240,'6D','MONTGOMERY VILLAGE','MCPD','P','6P1',442),(241,'3D','SILVER SPRING','MCPD','I','3I1',145),(242,'4D','WHEATON','MCPD','K','4K1',348),(243,'5D','GERMANTOWN','MCPD','N','5N1',702),(244,'2D','BETHESDA','MCPD','D','2D4',187),(245,'4D','WHEATON','MCPD','K','4K2',338),(246,'4D','WHEATON','MCPD','J','4J1',369),(247,'1D','ROCKVILLE','MCPD','A','1A1',269),(248,'4D','WHEATON','MCPD','K','4K2',338),(249,'1D','ROCKVILLE','MCPD','B','1B1',224),(250,'1D','ROCKVILLE','MCPD','B','1B1',223),(251,'4D','WHEATON','MCPD','J','4J1',536),(252,'5D','GERMANTOWN','MCPD','M','5M1',701),(253,'3D','SILVER SPRING','MCPD','I','3I1',146),(254,'6D','MONTGOMERY VILLAGE','MCPD','P','6P1',751),(255,'4D','WHEATON','MCPD','K','4K1',534),(256,'2D','BETHESDA','MCPD','E','2.00E+03',520),(257,'6D','MONTGOMERY VILLAGE','MCPD','P','6P3',433),(258,'3D','SILVER SPRING','MCPD','I','3I1',146),(259,'5D','GERMANTOWN','MCPD','M','5M1',701),(260,'3D','SILVER SPRING','MCPD','I','3I1',146),(261,'4D','WHEATON','MCPD','K','4K1',348),(262,'5D','GERMANTOWN','MCPD','N','5N1',447),(263,'2D','BETHESDA','MCPD','E','2.00E+02',71),(264,'3D','SILVER SPRING','MCPD','G','3G1',668),(265,'5D','GERMANTOWN','MCPD','N','5N1',447),(266,'5D','GERMANTOWN','MCPD','M','5M1',701),(267,'3D','SILVER SPRING','MCPD','I','3I1',149),(268,'4D','WHEATON','MCPD','K','4K2',394),(269,'6D','MONTGOMERY VILLAGE','MCPD','P','6P2',450),(270,'4D','WHEATON','MCPD','L','4L2',321),(271,'2D','BETHESDA','MCPD','D','2D4',188),(272,'6D','MONTGOMERY VILLAGE','MCPD','P','6P2',761),(273,'4D','WHEATON','MCPD','L','4L2',321),(274,'4D','WHEATON','MCPD','L','4L2',321),(275,'4D','WHEATON','MCPD','K','4K1',348),(276,'6D','MONTGOMERY VILLAGE','MCPD','P','6P2',449),(277,'6D','MONTGOMERY VILLAGE','MCPD','P','6P3',437),(278,'3D','SILVER SPRING','MCPD','G','3G1',109),(279,'1D','ROCKVILLE','MCPD','A','1A4',438),(280,'3D','SILVER SPRING','MCPD','I','3I2',380),(281,'3D','SILVER SPRING','MCPD','H','3H2',157),(282,'3D','SILVER SPRING','MCPD','H','3H2',157),(283,'4D','WHEATON','MCPD','K','4K2',338),(284,'6D','MONTGOMERY VILLAGE','MCPD','P','6P2',593),(285,'6D','MONTGOMERY VILLAGE','MCPD','P','6P2',593),(286,'4D','WHEATON','MCPD','K','4K2',338),(287,'3D','SILVER SPRING','MCPD','I','3I2',384),(288,'4D','WHEATON','MCPD','L','4L2',324),(289,'4D','WHEATON','MCPD','L','4L2',324),(290,'5D','GERMANTOWN','MCPD','N','5N1',447),(291,'3D','SILVER SPRING','MCPD','I','3I1',518),(292,'3D','SILVER SPRING','MCPD','H','3H1',133),(293,'3D','SILVER SPRING','MCPD','I','3I1',519),(294,'1D','ROCKVILLE','MCPD','A','1A4',280),(295,'1D','ROCKVILLE','MCPD','A','1A4',280),(296,'1D','ROCKVILLE','MCPD','A','1A3',745),(297,'3D','SILVER SPRING','MCPD','G','3G1',671),(298,'4D','WHEATON','MCPD','K','4K2',336),(299,'3D','SILVER SPRING','MCPD','I','3I2',380),(300,'6D','MONTGOMERY VILLAGE','MCPD','P','6P3',754),(301,'4D','WHEATON','MCPD','K','4K1',348),(302,'6D','MONTGOMERY VILLAGE','MCPD','P','6P1',429),(303,'4D','WHEATON','MCPD','L','4L2',324),(304,'4D','WHEATON','MCPD','L','4L2',324),(305,'4D','WHEATON','MCPD','L','4L2',324),(306,'3D','SILVER SPRING','MCPD','I','3I1',149),(307,'3D','SILVER SPRING','MCPD','I','3I1',149),(308,'6D','MONTGOMERY VILLAGE','MCPD','P','6P1',434),(309,'3D','SILVER SPRING','MCPD','H','3H2',655),(310,'4D','WHEATON','MCPD','L','4L2',321),(311,'4D','WHEATON','MCPD','L','4L2',325),(312,'2D','BETHESDA','MCPD','E','2.00E+01',4),(313,'4D','WHEATON','MCPD','L','4L2',355),(314,'6D','MONTGOMERY VILLAGE','MCPD','R','6R1',766),(315,'2D','BETHESDA','MCPD','E','2.00E+01',23),(316,'1D','ROCKVILLE','MCPD','A','1A2',298),(317,'4D','WHEATON','MCPD','L','4L2',163),(318,'2D','BETHESDA','MCPD','E','2.00E+02',70),(319,'2D','BETHESDA','MCPD','E','2.00E+02',70),(320,'5D','GERMANTOWN','MCPD','N','5N1',447),(321,'2D','BETHESDA','MCPD','D','2D1',501),(322,'5D','GERMANTOWN','MCPD','M','5M1',701),(323,'2D','BETHESDA','MCPD','D','2D3',182),(324,'4D','WHEATON','MCPD','K','4K2',337),(325,'1D','ROCKVILLE','MCPD','A','1A2',735),(326,'4D','WHEATON','MCPD','J','4J2',399),(327,'4D','WHEATON','MCPD','L','4L1',332),(328,'2D','BETHESDA','MCPD','D','2D3',183),(329,'4D','WHEATON','MCPD','L','4L2',321),(330,'6D','MONTGOMERY VILLAGE','MCPD','R','6R3',421),(331,'3D','SILVER SPRING','MCPD','H','3H1',126),(332,'4D','WHEATON','MCPD','L','4L2',321),(333,'4D','WHEATON','MCPD','K','4K2',307),(334,'6D','MONTGOMERY VILLAGE','MCPD','P','6P1',752),(335,'5D','GERMANTOWN','MCPD','M','5M3',605),(336,'4D','WHEATON','MCPD','K','4K2',336),(337,'4D','WHEATON','MCPD','L','4L1',328),(338,'3D','SILVER SPRING','MCPD','I','3I2',384),(339,'4D','WHEATON','MCPD','L','4L1',329),(340,'4D','WHEATON','MCPD','L','4L2',163),(341,'2D','BETHESDA','MCPD','E','2.00E+04',220),(342,'3D','SILVER SPRING','MCPD','I','3I1',145),(343,'4D','WHEATON','MCPD','L','4L2',321),(344,'5D','GERMANTOWN','MCPD','N','5N1',702),(345,'2D','BETHESDA','MCPD','D','2D1',517),(346,'4D','WHEATON','MCPD','L','4L2',321),(347,'4D','WHEATON','MCPD','K','4K1',347),(348,'3D','SILVER SPRING','MCPD','G','3G2',169),(349,'3D','SILVER SPRING','MCPD','H','3H2',137),(350,'4D','WHEATON','MCPD','K','4K1',348),(351,'3D','SILVER SPRING','MCPD','G','3G1',671),(352,'5D','GERMANTOWN','MCPD','N','5N2',448),(353,'4D','WHEATON','MCPD','J','4J2',642),(354,'6D','MONTGOMERY VILLAGE','MCPD','R','6R1',505),(355,'5D','GERMANTOWN','MCPD','N','5N2',448),(356,'2D','BETHESDA','MCPD','D','2D1',517),(358,'3D','SILVER SPRING','MCPD','I','3I2',380),(359,'4D','WHEATON','MCPD','L','4L1',310),(360,'3D','SILVER SPRING','MCPD','I','3I2',380),(361,'2D','BETHESDA','MCPD','D','2D1',772),(362,'4D','WHEATON','MCPD','L','4L1',366),(363,'2D','BETHESDA','MCPD','D','2D2',14),(364,'6D','MONTGOMERY VILLAGE','MCPD','R','6R3',420),(365,'2D','BETHESDA','MCPD','E','2.00E+02',56),(366,'6D','MONTGOMERY VILLAGE','MCPD','R','6R3',420),(367,'2D','BETHESDA','MCPD','D','2D4',191),(368,'3D','SILVER SPRING','MCPD','I','3I2',380),(369,'4D','WHEATON','MCPD','L','4L1',310),(370,'2D','BETHESDA','MCPD','E','2.00E+01',15),(371,'3D','SILVER SPRING','MCPD','I','3I2',380),(372,'4D','WHEATON','MCPD','L','4L1',360),(373,'2D','BETHESDA','MCPD','D','2D2',48),(374,'2D','BETHESDA','MCPD','D','2D2',14),(375,'3D','SILVER SPRING','MCPD','H','3H2',136),(376,'2D','BETHESDA','MCPD','D','2D4',187),(377,'2D','BETHESDA','MCPD','D','2D2',49),(378,'2D','BETHESDA','MCPD','D','2D2',49),(379,'6D','MONTGOMERY VILLAGE','MCPD','R','6R1',548),(380,'TPPD','TAKOMA PARK','MCPD','','',807),(381,'3D','SILVER SPRING','MCPD','G','3G2',120),(382,'1D','ROCKVILLE','MCPD','A','1A1',270),(383,'1D','ROCKVILLE','MCPD','A','1A1',270),(384,'5D','GERMANTOWN','MCPD','M','5M3',476),(385,'3D','SILVER SPRING','MCPD','H','3H1',126),(386,'1D','ROCKVILLE','MCPD','A','1A4',281),(387,'3D','SILVER SPRING','MCPD','I','3I1',146),(388,'1D','ROCKVILLE','MCPD','B','1B1',727),(389,'2D','BETHESDA','MCPD','E','2.00E+03',204),(390,'3D','SILVER SPRING','MCPD','I','3I2',382),(391,'2D','BETHESDA','MCPD','D','2D4',188),(392,'5D','GERMANTOWN','MCPD','M','5M1',468),(393,'3D','SILVER SPRING','MCPD','G','3G1',89),(394,'2D','BETHESDA','MCPD','D','2D4',187),(395,'2D','BETHESDA','MCPD','D','2D4',186),(396,'1D','ROCKVILLE','MCPD','A','1A2',735),(397,'1D','ROCKVILLE','MCPD','A','1A2',735),(398,'5D','GERMANTOWN','MCPD','N','5N1',702),(399,'6D','MONTGOMERY VILLAGE','MCPD','P','6P2',450),(400,'3D','SILVER SPRING','MCPD','I','3I1',145),(401,'2D','BETHESDA','MCPD','D','2D3',314),(402,'2D','BETHESDA','MCPD','E','2.00E+02',59),(403,'2D','BETHESDA','MCPD','E','2.00E+01',63),(404,'4D','WHEATON','MCPD','L','4L1',310),(405,'6D','MONTGOMERY VILLAGE','MCPD','R','6R3',420),(406,'2D','BETHESDA','MCPD','D','2D3',673),(407,'4D','WHEATON','MCPD','K','4K1',534),(408,'4D','WHEATON','MCPD','L','4L1',359),(409,'6D','MONTGOMERY VILLAGE','MCPD','P','6P1',549),(410,'5D','GERMANTOWN','MCPD','N','5N1',702),(411,'5D','GERMANTOWN','MCPD','N','5N1',702),(412,'2D','BETHESDA','MCPD','D','2D2',50),(413,'3D','SILVER SPRING','MCPD','I','3I1',145),(414,'1D','ROCKVILLE','MCPD','A','1A4',281),(415,'2D','BETHESDA','MCPD','D','2D1',666),(416,'4D','WHEATON','MCPD','K','4K2',338),(417,'3D','SILVER SPRING','MCPD','I','3I2',380),(418,'3D','SILVER SPRING','MCPD','I','3I2',381),(419,'5D','GERMANTOWN','MCPD','M','5M2',612),(420,'4D','WHEATON','MCPD','J','4J1',680),(421,'4D','WHEATON','MCPD','K','4K1',348),(422,'3D','SILVER SPRING','MCPD','H','3H2',138),(423,'2D','BETHESDA','MCPD','E','2.00E+01',1),(424,'3D','SILVER SPRING','MCPD','G','3G1',110),(425,'6D','MONTGOMERY VILLAGE','MCPD','P','6P2',593),(426,'2D','BETHESDA','MCPD','D','2D4',188),(427,'4D','WHEATON','MCPD','K','4K1',534),(428,'5D','GERMANTOWN','MCPD','N','5N1',447),(429,'5D','GERMANTOWN','MCPD','M','5M1',468),(430,'6D','MONTGOMERY VILLAGE','MCPD','P','6P3',437),(431,'1D','ROCKVILLE','MCPD','B','1B1',236),(432,'4D','WHEATON','MCPD','J','4J1',375),(433,'2D','BETHESDA','MCPD','D','2D1',11),(434,'4D','WHEATON','MCPD','K','4K1',530),(435,'5D','GERMANTOWN','MCPD','M','5M1',470),(436,'6D','MONTGOMERY VILLAGE','MCPD','P','6P2',555),(437,'1D','ROCKVILLE','MCPD','B','1B2',560),(438,'5D','GERMANTOWN','MCPD','M','5M1',701),(439,'3D','SILVER SPRING','MCPD','G','3G1',668),(440,'2D','BETHESDA','MCPD','E','2.00E+03',520),(441,'5D','GERMANTOWN','MCPD','M','5M1',701),(442,'3D','SILVER SPRING','MCPD','I','3I1',150),(443,'2D','BETHESDA','MCPD','D','2D2',32),(444,'6D','MONTGOMERY VILLAGE','MCPD','P','6P2',555),(445,'2D','BETHESDA','MCPD','D','2D4',187),(446,'6D','MONTGOMERY VILLAGE','MCPD','P','6P1',721),(447,'4D','WHEATON','MCPD','K','4K2',336),(448,'4D','WHEATON','MCPD','L','4L2',325),(449,'4D','WHEATON','MCPD','L','4L1',674),(450,'1D','ROCKVILLE','MCPD','A','1A1',273),(451,'4D','WHEATON','MCPD','K','4K1',348),(452,'4D','WHEATON','MCPD','K','4K1',348),(453,'5D','GERMANTOWN','MCPD','N','5N1',702),(454,'5D','GERMANTOWN','MCPD','N','5N1',702),(455,'4D','WHEATON','MCPD','L','4L2',321),(456,'5D','GERMANTOWN','MCPD','M','5M3',603),(457,'2D','BETHESDA','MCPD','E','2.00E+02',73),(458,'6D','MONTGOMERY VILLAGE','MCPD','R','6R2',422),(459,'6D','MONTGOMERY VILLAGE','MCPD','R','6R2',422),(460,'6D','MONTGOMERY VILLAGE','MCPD','R','6R2',422),(461,'5D','GERMANTOWN','MCPD','M','5M3',600),(462,'3D','SILVER SPRING','MCPD','G','3G1',113),(463,'3D','SILVER SPRING','MCPD','G','3G1',113),(464,'3D','SILVER SPRING','MCPD','G','3G1',93),(465,'6D','MONTGOMERY VILLAGE','MCPD','P','6P1',549),(466,'6D','MONTGOMERY VILLAGE','MCPD','P','6P1',549),(467,'2D','BETHESDA','MCPD','D','2D4',191),(468,'2D','BETHESDA','MCPD','D','2D4',191),(469,'3D','SILVER SPRING','MCPD','G','3G1',94),(470,'6D','MONTGOMERY VILLAGE','MCPD','R','6R1',505),(471,'4D','WHEATON','MCPD','L','4L2',321);
/*!40000 ALTER TABLE `police_information` ENABLE KEYS */;
UNLOCK TABLES;
/*!40103 SET TIME_ZONE=@OLD_TIME_ZONE */;

/*!40101 SET SQL_MODE=@OLD_SQL_MODE */;
/*!40014 SET FOREIGN_KEY_CHECKS=@OLD_FOREIGN_KEY_CHECKS */;
/*!40014 SET UNIQUE_CHECKS=@OLD_UNIQUE_CHECKS */;
/*!40101 SET CHARACTER_SET_CLIENT=@OLD_CHARACTER_SET_CLIENT */;
/*!40101 SET CHARACTER_SET_RESULTS=@OLD_CHARACTER_SET_RESULTS */;
/*!40101 SET COLLATION_CONNECTION=@OLD_COLLATION_CONNECTION */;
/*!40111 SET SQL_NOTES=@OLD_SQL_NOTES */;

-- Dump completed on 2023-12-07 18:38:43
